Workbook

Sheet SUMMARY
B1: ELECT | O1: COMBINED LOBBYWISE RUNNING STAFF POSITION
A2: CATEGORY | B2: North | C2: South | D2: KOAA | E2: DDJ+MJT | F2: NH | G2: BT | H2: RHA | I2: CP | J2: NKG | K2: HQ | L2: TOTAL
A3: LPM | B3: =COUNTIF(North!C:C,"LPM") -> 23 | C3: =COUNTIF(South!C:C,"LPM") -> 0 | D3: =COUNTIF(KOAA!C:C,"LPM") -> 27 | E3: =COUNTIF(DDJ!C:C,"LPM") -> 0 | F3: =COUNTIF(NH!C:C,"LPM") -> 0 | G3: =COUNTIF(BT!C:C,"LPM") -> 0 | H3: =COUNTIF(RHA!C:C,"LPM") -> 0 | I3: 0 | J3: 0 | K3: 0 | L3: =SUM(B3:K3) -> 50 | O3: Category | P3: North | Q3: South | R3: KOAA | S3: DDJ+KRP | T3: NH | U3: BT | V3: RHA | W3: Total
A4: Motorman | B4: =COUNTIF(North!C:C,"MOTORMAN") -> 151 | C4: =COUNTIF(South!C:C,"MOTORMAN") -> 133 | D4: =COUNTIF(KOAA!C:C,"MOTORMAN") -> 0 | E4: =COUNTIF(DDJ!C:C,"MOTORMAN") -> 0 | F4: =COUNTIF(NH!C:C,"MOTORMAN") -> 55 | G4: =COUNTIF(BT!C:C,"Motorman") -> 49 | H4: =COUNTIF(RHA!C:C,"MOTORMAN") -> 46 | I4: 0 | J4: 0 | K4: 0 | L4: =SUM(B4:K4) -> 434 | O4: LPM | P4: =SUM(B3,B19,B29) -> 39 | Q4: =SUM(C3,C19,C29) -> 0 | R4: =SUM(D3,D19,D29) -> 28 | S4: =SUM(E3,E19,E29) -> 0 | T4: =SUM(F3,F19,F29) -> 0 | U4: =SUM(G3,G19,G29) -> 0 | V4: =SUM(H3,H19,H29) -> 0 | W4: =SUM(P4:V4) -> 67
A5: LPP(Loco) | B5: =COUNTIF(North!C:C,"LPP(Loco)") -> 11 | C5: =COUNTIF(South!C:C,"LPP(Loco)") -> 0 | D5: =COUNTIF(KOAA!C:C,"LPP(Loco)") -> 0 | E5: =COUNTIF(DDJ!C:C,"LPP(Loco)") -> 0 | F5: =COUNTIF(NH!C:C,"LPP(Loco)") -> 0 | G5: =COUNTIF(BT!C:C,"LPP(Loco)") -> 0 | H5: =COUNTIF(RHA!C:C,"LPP(LOCO)") -> 0 | I5: 0 | J5: 0 | K5: 0 | L5: =SUM(B5:K5) -> 11 | O5: Motorman | P5: =SUM(B4,B20,B30) -> 160 | Q5: =SUM(C4,C20,C30) -> 145 | R5: =SUM(D4,D20,D30) -> 0 | S5: =SUM(E4,E20,E30) -> 0 | T5: =SUM(F4,F20,F30) -> 56 | U5: =SUM(G4,G20,G30) -> 49 | V5: =SUM(H4,H20,H30) -> 48 | W5: =SUM(P5:V5) -> 458
A6: LPG | B6: =COUNTIF(North!C:C,"LPG") -> 19 | C6: =COUNTIF(South!C:C,"LPG") -> 5 | D6: =COUNTIF(KOAA!C:C,"LPG") -> 0 | E6: =COUNTIF(DDJ!C:C,"LPG") -> 65 | F6: =COUNTIF(NH!C:C,"LPG") -> 12 | G6: =COUNTIF(BT!C:C,"LPG") -> 7 | H6: =COUNTIF(RHA!C:C,"LPG") -> 28 | I6: 0 | J6: 0 | K6: 0 | L6: =SUM(B6:K6) -> 136 | O6: LPP(Loco) | P6: =SUM(B5,B21,B31) -> 14 | Q6: =SUM(C5,C21,C31) -> 0 | R6: =SUM(D5,D21,D31) -> 0 | S6: =SUM(E5,E21,E31) -> 0 | T6: =SUM(F5,F21,F31) -> 0 | U6: =SUM(G5,G21,G31) -> 0 | V6: =SUM(H5,H21,H31) -> 0 | W6: =SUM(P6:V6) -> 14
A7: LPS | B7: =COUNTIF(North!C:C,"LPS") -> 56 | C7: =COUNTIF(South!C:C,"LPS") -> 24 | D7: =COUNTIF(KOAA!C:C,"LPS") -> 25 | E7: =COUNTIF(DDJ!C:C,"LPS") -> 10 | F7: =COUNTIF(NH!C:C,"LPS") -> 13 | G7: =COUNTIF(BT!C:C,"LPS") -> 11 | H7: =COUNTIF(RHA!C:C,"LPS") -> 17 | I7: 0 | J7: 0 | K7: 0 | L7: =SUM(B7:K7) -> 156 | O7: LPG | P7: =SUM(B6,B22,B32) -> 21 | Q7: =SUM(C6,C22,C32) -> 6 | R7: =SUM(D6,D22,D32) -> 0 | S7: =SUM(E6,E22,E32) -> 165 | T7: =SUM(F6,F22,F32) -> 45 | U7: =SUM(G6,G22,G32) -> 9 | V7: =SUM(H6,H22,H32) -> 47 | W7: =SUM(P7:V7) -> 293
A8: ALP | B8: =COUNTIF(North!C:C,"ALP") -> 62 | C8: =COUNTIF(South!C:C,"ALP") -> 0 | D8: =COUNTIF(KOAA!C:C,"ALP") -> 16 | E8: =COUNTIF(DDJ!C:C,"ALP") -> 78 | F8: =COUNTIF(NH!C:C,"ALP") -> 30 | G8: =COUNTIF(BT!C:C,"ALP") -> 0 | H8: =COUNTIF(RHA!C:C,"ALP") -> 24 | I8: 0 | J8: 0 | K8: 0 | L8: =SUM(B8:K8) -> 210 | O8: LPS | P8: =SUM(B7,B23,B33) -> 65 | Q8: =SUM(C7,C23,C33) -> 26 | R8: =SUM(D7,D23,D33) -> 37 | S8: =SUM(E7,E23,E33) -> 16 | T8: =SUM(F7,F23,F33) -> 26 | U8: =SUM(G7,G23,G33) -> 15 | V8: =SUM(H7,H23,H33) -> 26 | W8: =SUM(P8:V8) -> 211
A9: Total | B9: =SUM(B3:B8) -> 322 | C9: =SUM(C3:C8) -> 162 | D9: =SUM(D3:D8) -> 68 | E9: =SUM(E3:E8) -> 153 | F9: =SUM(F3:F8) -> 110 | G9: =SUM(G3:G8) -> 67 | H9: =SUM(H3:H8) -> 115 | I9: =SUM(I3:I8) -> 0 | ... L9: =SUM(L3:L8) -> 997 | O9: ALP | P9: =SUM(B8,B24,B34) -> 88 | Q9: =SUM(C8,C24,C34) -> 0 | R9: =SUM(D8,D24,D34) -> 32 | S9: =SUM(E8,E24,E34) -> 127 | T9: =SUM(F8,F24,F34) -> 45 | U9: =SUM(G8,G24,G34) -> 0 | V9: =SUM(H8,H24,H34) -> 45 | W9: =SUM(P9:V9) -> 337
A10: CLI | B10: =COUNTIF(SUPV!F:F,"CLI") -> 36 | C10: 0 | D10: 0 | E10: 0 | F10: 0 | G10: 0 | H10: 0 | I10: 0 | J10: 0 | K10: 0 | L10: =SUM(B10:K10) -> 36 | O10: Total | P10: =SUM(B9,B25,B35) -> 387 | Q10: =SUM(C9,C25,C35) -> 177 | R10: =SUM(D9,D25,D35) -> 97 | S10: =SUM(E9,E25,E35) -> 308 | T10: =SUM(F9,F25,F35) -> 172 | U10: =SUM(G9,G25,G35) -> 73 | V10: =SUM(H9,H25,H35) -> 166 | W10: =SUM(P10:V10) -> 1380
A11: DRAFTED & De cat | B11: =COUNTIF(SUPV!I:I,"CC(R) NORTH") -> 12 | C11: =COUNTIF(SUPV!I:I,"CC(R) SOUTH") -> 3 | D11: =COUNTIF(SUPV!I:I,"CC(R) KOAA") -> 2 | E11: =COUNTIF(SUPV!I:I,"CC(R) DDJ") -> 6 | F11: =COUNTIF(SUPV!I:I,"CC(R) NH") -> 4 | G11: =COUNTIF(SUPV!I:I,"CC(R) BT") -> 5 | H11: =COUNTIF(SUPV!I:I,"CC(R) RHA") -> 4 | I11: 0 | J11: 0 | K11: 0 | L11: =SUM(B11:K11) -> 36
A12: MINISTERIAL | B12: =COUNTIFS(Ministerial!H:H,"CC(R) NORTH") -> 10 | C12: =COUNTIFS(Ministerial!H:H,"CC(R) SOUTH") -> 0 | D12: =COUNTIFS(Ministerial!H:H,"CC(R) KOAA") -> 0 | E12: =COUNTIFS(Ministerial!H:H,"CC(R) DDJ") -> 8 | F12: =COUNTIFS(Ministerial!H:H,"CC(R) NH") -> 2 | G12: =COUNTIFS(Ministerial!H:H,"CC(R) BT") -> 0 | H12: =COUNTIFS(Ministerial!H:H,"CC(R) RHA") -> 0 | I12: 0 | J12: =COUNTIF(Ministerial!H:H,"CP") -> 0 | K12: =COUNTIF(Ministerial!H:H,"HQ") -> 14 | L12: =SUM(B12:K12) -> 34
A13: Technical | B13: 0 | C13: 0 | D13: 0 | E13: 0 | F13: 0 | G13: 0 | H13: 0 | I13: =COUNTIF('Trip Shed'!E:E,"CP") -> 31 | J13: =COUNTIF('Trip Shed'!E:E,"NKG") -> 45 | K13: 0 | L13: =SUM(B13:K13) -> 76
A14: GR TOTAL | B14: =SUM(B9:B13) -> 380 | C14: =SUM(C9:C13) -> 165 | D14: =SUM(D9:D13) -> 70 | E14: =SUM(E9:E13) -> 167 | F14: =SUM(F9:F13) -> 116 | G14: =SUM(G9:G13) -> 72 | H14: =SUM(H9:H13) -> 119 | I14: =SUM(I9:I13) -> 31 | ... L14: =SUM(L9:L13) -> 1179
A15: 24 Nos ALP working at DSL wing included in MOR and 01 nos ALP promoted to LPS shown in ALP, Total=4 Nos MTM(01 no. MTM in MLDT Div & 03 nos. MTM working as LPP/Loco) included in NORTH MOR. | O15: lobby | P15: LPM | Q15: LPP(L) | R15: MOTORMAN | S15: LPG | T15: LPS | U15: ALP | V15: Total
O16: NORTH | P16: =SUM(COUNTIFS(North!C:C,"lpm",North!F:F,"F"),COUNTIFS(CONV!C:C,"lpm",CONV!F:F,"f")) -> 0 | Q16: =SUM(COUNTIFS(North!C:C,"lpP(LOCO)",North!F:F,"F"),COUNTIFS(CONV!C:C,"LPP(Loco)",CONV!F:F,"f")) -> 0 | R16: =SUM(COUNTIFS(North!C:C,"MOTORMAN",North!F:F,"F"),COUNTIFS(CONV!C:C,"motorman",CONV!K:K,"CC(R) north",CONV!F:F,"F")) -> 6 | S16: =SUM(COUNTIFS(North!C:C,"lpg",North!F:F,"F"),COUNTIFS(CONV!C:C,"lpg",CONV!K:K,"CC(R) north",CONV!F:F,"F")) -> 0 | T16: =SUM(COUNTIFS(North!C:C,"LPS",North!F:F,"F"),COUNTIFS(CONV!C:C,"lps",CONV!K:K,"cc(r) north",CONV!F:F,"f")) -> 6 | U16: =SUM(COUNTIFS(North!C:C,"alp",North!F:F,"F"),COUNTIFS(CONV!C:C,"alp",CONV!K:K,"cc(r) north",CONV!F:F,"f")) -> 6 | V16: =SUM(P16:U16) -> 18
A17: ON ROll | B17: CONV | O17: SOUTH | P17: =SUM(COUNTIFS(South!C:C,"lpm",South!F:F,"F"),COUNTIFS(CONV!C:C,"lpm",CONV!F:F,"f")) -> 0 | Q17: =SUM(COUNTIFS(South!C:C,"lpP(LOCO)",South!F:F,"F"),COUNTIFS(CONV!C:C,"LPP(Loco)",CONV!F:F,"f")) -> 0 | R17: =SUM(COUNTIFS(South!C:C,"MOTORMAN",South!F:F,"F"),COUNTIFS(CONV!C:C,"motorman",CONV!K:K,"CC(R) SOUTH",CONV!F:F,"F")) -> 6 | S17: =SUM(COUNTIFS(South!C:C,"lpg",South!F:F,"F"),COUNTIFS(CONV!C:C,"lpg",CONV!K:K,"CC(R) SOUTH",CONV!F:F,"F")) -> 0 | T17: =SUM(COUNTIFS(South!C:C,"LPS",South!F:F,"F"),COUNTIFS(CONV!C:C,"lps",CONV!K:K,"cc(r) south",CONV!F:F,"f")) -> 2 | U17: =SUM(COUNTIFS(South!C:C,"alp",South!F:F,"F"),COUNTIFS(CONV!C:C,"alp",CONV!K:K,"cc(r) south",CONV!F:F,"f")) -> 0 | V17: =SUM(P17:U17) -> 8
B18: North | C18: South | D18: KOAA | E18: DDJ+KRP | F18: NH | G18: BT | H18: RHA | I18: Total | O18: KOAA | P18: =SUM(COUNTIFS(KOAA!C:C,"lpm",KOAA!F:F,"F"),COUNTIFS(CONV!C:C,"lpm",CONV!F:F,"f")) -> 0 | Q18: =SUM(COUNTIFS(South!C:C,"lpP(LOCO)",South!F:F,"F"),COUNTIFS(CONV!C:C,"LPP(Loco)",CONV!F:F,"f")) -> 0 | R18: =SUM(COUNTIFS(KOAA!C:C,"MOTORMAN",KOAA!F:F,"F"),COUNTIFS(CONV!C:C,"motorman",CONV!F:F,"f")) -> 0 | S18: =SUM(COUNTIFS(KOAA!C:C,"lpg",KOAA!F:F,"F"),COUNTIFS(CONV!C:C,"lpg",CONV!K:K,"CC(R) koaa",CONV!F:F,"F")) -> 0 | T18: =SUM(COUNTIFS(KOAA!C:C,"LPS",KOAA!F:F,"F"),COUNTIFS(CONV!C:C,"lps",CONV!K:K,"cc(r) koaa",CONV!F:F,"f")) -> 2 | U18: =SUM(COUNTIFS(KOAA!C:C,"alp",KOAA!F:F,"F"),COUNTIFS(CONV!C:C,"alp",CONV!K:K,"cc(r) koaa",CONV!F:F,"f")) -> 1 | V18: =SUM(P18:U18) -> 3
A19: LPM | B19: =COUNTIFS(CONV!C:C,"LPM",CONV!K:K,"CC(R) NORTH",CONV!R:R,"Elect") -> 16 | C19: =COUNTIFS(CONV!C:C,"LPM",CONV!K:K,"CC(R) South") -> 0 | D19: =COUNTIFS(CONV!C:C,"LPM",CONV!K:K,"CC(R) KOAA",CONV!R:R,"Elect") -> 1 | E19: =COUNTIFS(CONV!C:C,"LPM",CONV!K:K,"CC(R) DDJ") -> 0 | F19: =COUNTIFS(CONV!C:C,"LPM",CONV!K:K,"CC(R) NH") -> 0 | G19: =COUNTIFS(CONV!C:C,"LPM",CONV!K:K,"CC(R) BT") -> 0 | H19: =COUNTIFS(CONV!C:C,"LPM",CONV!K:K,"CC(R) RHA") -> 0 | I19: =SUM(B19:H19) -> 17 | O19: DDJ | P19: =SUM(COUNTIFS(DDJ!C:C,"lpm",DDJ!F:F,"F"),COUNTIFS(CONV!C:C,"lpm",CONV!F:F,"f")) -> 0 | Q19: =SUM(COUNTIFS(DDJ!C:C,"lpP(LOCO)",DDJ!F:F,"F"),COUNTIFS(CONV!C:C,"LPP(Loco)",CONV!F:F,"f")) -> 0 | R19: =SUM(COUNTIFS(DDJ!C:C,"MOTORMAN",DDJ!F:F,"F"),COUNTIFS(CONV!C:C,"motorman",CONV!F:F,"f")) -> 0 | S19: =SUM(COUNTIFS(DDJ!C:C,"lpg",DDJ!F:F,"F"),COUNTIFS(CONV!C:C,"lpg",CONV!K:K,"CC(R) ddj",CONV!F:F,"F")) -> 2 | T19: =SUM(COUNTIFS(DDJ!C:C,"LPS",DDJ!F:F,"F"),COUNTIFS(CONV!C:C,"lps",CONV!K:K,"cc(r) ddj",CONV!F:F,"f")) -> 1 | U19: =SUM(COUNTIFS(DDJ!C:C,"alp",DDJ!F:F,"F"),COUNTIFS(CONV!C:C,"alp",CONV!K:K,"cc(r) ddj",CONV!F:F,"f")) -> 7 | V19: =SUM(P19:U19) -> 10
A20: Motorman | B20: =COUNTIFS(CONV!C:C,"MOTORMAN",CONV!K:K,"CC(R) NORTH",CONV!R:R,"Elect") -> 9 | C20: =COUNTIFS(CONV!C:C,"motorman",CONV!K:K,"CC(R) South",CONV!R:R,"Elect") -> 12 | D20: =COUNTIFS(CONV!C:C,"MOTORMAN",CONV!K:K,"CC(R) KOAA",CONV!R:R,"Elect") -> 0 | E20: =COUNTIFS(CONV!C:C,"MOTORMAN",CONV!K:K,"CC(R) DDJ",CONV!R:R,"Elect") -> 0 | F20: =COUNTIFS(CONV!C:C,"MOTORMAN",CONV!K:K,"CC(R) NH",CONV!R:R,"Elect") -> 1 | G20: =COUNTIFS(CONV!C:C,"MOTORMAN",CONV!K:K,"CC(R) BT",CONV!R:R,"Elect") -> 0 | H20: =COUNTIFS(CONV!C:C,"MOTORMAN",CONV!K:K,"CC(R) RHA",CONV!R:R,"Elect") -> 2 | I20: =SUM(B20:H20) -> 24 | O20: NH | P20: =SUM(COUNTIFS(NH!C:C,"lpm",NH!F:F,"F"),COUNTIFS(CONV!C:C,"lpm",CONV!F:F,"f")) -> 0 | Q20: =SUM(COUNTIFS(NH!C:C,"lpP(LOCO)",NH!F:F,"F"),COUNTIFS(CONV!C:C,"LPP(Loco)",CONV!F:F,"f")) -> 0 | R20: =SUM(COUNTIFS(NH!C:C,"MOTORMAN",NH!F:F,"F"),COUNTIFS(CONV!C:C,"motorman",CONV!K:K,"CC(R) nh",CONV!F:F,"F")) -> 1 | S20: =SUM(COUNTIFS(NH!C:C,"lpg",NH!F:F,"F"),COUNTIFS(CONV!C:C,"lpg",CONV!K:K,"CC(R) nh",CONV!F:F,"F")) -> 2 | T20: =SUM(COUNTIFS(NH!C:C,"LPS",NH!F:F,"F"),COUNTIFS(CONV!C:C,"lps",CONV!K:K,"cc(r) nh",CONV!F:F,"f")) -> 0 | U20: =SUM(COUNTIFS(NH!C:C,"alp",NH!F:F,"F"),COUNTIFS(CONV!C:C,"alp",CONV!K:K,"cc(r) nh",CONV!F:F,"f")) -> 3 | V20: =SUM(P20:U20) -> 6
A21: LPP(Loco) | B21: =COUNTIFS(CONV!C:C,"LPP(LOCO)",CONV!K:K,"CC(R) NORTH",CONV!R:R,"Elect") -> 3 | C21: =COUNTIFS(CONV!C:C,"LPP(loco)",CONV!K:K,"CC(R) South",CONV!R:R,"Elect") -> 0 | D21: =COUNTIFS(CONV!C:C,"LPP(LOCO)",CONV!K:K,"CC(R) KOAA",CONV!R:R,"Elect") -> 0 | E21: =COUNTIFS(CONV!C:C,"LPP(LOCO)",CONV!K:K,"CC(R) DDJ",CONV!R:R,"Elect") -> 0 | F21: =COUNTIFS(CONV!C:C,"LPP(LOCO)",CONV!K:K,"CC(R) NH",CONV!R:R,"Elect") -> 0 | G21: =COUNTIFS(CONV!C:C,"LPP(LOCO)",CONV!K:K,"CC(R) BT",CONV!R:R,"Elect") -> 0 | H21: =COUNTIFS(CONV!C:C,"LPP(LOCO)",CONV!K:K,"CC(R) RHA",CONV!R:R,"Elect") -> 0 | I21: =SUM(B21:H21) -> 3 | O21: RHA | P21: =SUM(COUNTIFS(RHA!C:C,"lpm",RHA!F:F,"F"),COUNTIFS(CONV!C:C,"lpm",CONV!F:F,"f")) -> 0 | Q21: =SUM(COUNTIFS(RHA!C:C,"lpP(LOCO)",RHA!F:F,"F"),COUNTIFS(CONV!C:C,"LPP(Loco)",CONV!F:F,"f")) -> 0 | R21: =SUM(COUNTIFS(RHA!C:C,"MOTORMAN",RHA!F:F,"F"),COUNTIFS(CONV!C:C,"motorman",CONV!K:K,"CC(R) rha",CONV!F:F,"F")) -> 0 | S21: =SUM(COUNTIFS(RHA!C:C,"lpg",RHA!F:F,"F"),COUNTIFS(CONV!C:C,"lpg",CONV!K:K,"CC(R) rha",CONV!F:F,"F")) -> 3 | T21: =SUM(COUNTIFS(RHA!C:C,"LPS",RHA!F:F,"F"),COUNTIFS(CONV!C:C,"lps",CONV!K:K,"cc(r) rha",CONV!F:F,"f")) -> 0 | U21: =SUM(COUNTIFS(RHA!C:C,"alp",RHA!F:F,"F"),COUNTIFS(CONV!C:C,"alp",CONV!K:K,"cc(r) rha",CONV!F:F,"f")) -> 1 | V21: =SUM(P21:U21) -> 4
A22: LPG | B22: =COUNTIFS(CONV!C:C,"LPG",CONV!K:K,"CC(R) NORTH",CONV!R:R,"Elect") -> 2 | C22: =COUNTIFS(CONV!C:C,"LPG",CONV!K:K,"CC(R) South",CONV!R:R,"Elect") -> 1 | D22: =COUNTIFS(CONV!C:C,"LPG",CONV!K:K,"CC(R) KOAA",CONV!R:R,"Elect") -> 0 | E22: =COUNTIFS(CONV!C:C,"LPG",CONV!K:K,"CC(R) DDJ",CONV!R:R,"Elect") -> 23 | F22: =COUNTIFS(CONV!C:C,"LPG",CONV!K:K,"CC(R) NH",CONV!R:R,"Elect") -> 12 | G22: =COUNTIFS(CONV!C:C,"LPG",CONV!K:K,"CC(R) BT",CONV!R:R,"Elect") -> 2 | H22: =COUNTIFS(CONV!C:C,"LPG",CONV!K:K,"CC(R) RHA",CONV!R:R,"Elect") -> 6 | I22: =SUM(B22:H22) -> 46 | O22: BT | P22: =SUM(COUNTIFS(BT!C:C,"lpm",BT!F:F,"F"),COUNTIFS(CONV!C:C,"lpm",CONV!F:F,"f")) -> 0 | Q22: =SUM(COUNTIFS(BT!C:C,"lpP(LOCO)",BT!F:F,"F"),COUNTIFS(CONV!C:C,"LPP(Loco)",CONV!F:F,"f")) -> 0 | R22: =SUM(COUNTIFS(BT!C:C,"MOTORMAN",BT!F:F,"F"),COUNTIFS(CONV!C:C,"motorman",CONV!K:K,"CC(R) bt",CONV!F:F,"F")) -> 0 | S22: =SUM(COUNTIFS(BT!C:C,"lpg",BT!F:F,"F"),COUNTIFS(CONV!C:C,"lpg",CONV!K:K,"CC(R) bt",CONV!F:F,"F")) -> 0 | T22: =SUM(COUNTIFS(BT!C:C,"LPS",BT!F:F,"F"),COUNTIFS(CONV!C:C,"lps",CONV!K:K,"cc(r) bt",CONV!F:F,"f")) -> 0 | U22: =SUM(COUNTIFS(BT!C:C,"alp",BT!F:F,"F"),COUNTIFS(CONV!C:C,"alp",CONV!K:K,"cc(r) bt",CONV!F:F,"f")) -> 0 | V22: =SUM(P22:U22) -> 0
A23: LPS | B23: =COUNTIFS(CONV!C:C,"LPS",CONV!K:K,"CC(R) NORTH",CONV!R:R,"Elect") -> 9 | C23: =COUNTIFS(CONV!C:C,"LPS",CONV!K:K,"CC(R) South",CONV!R:R,"Elect") -> 2 | D23: =COUNTIFS(CONV!C:C,"LPS",CONV!K:K,"CC(R) KOAA",CONV!R:R,"Elect") -> 10 | E23: =COUNTIFS(CONV!C:C,"LPS",CONV!K:K,"CC(R) DDJ",CONV!R:R,"Elect") -> 1 | F23: =COUNTIFS(CONV!C:C,"LPS",CONV!K:K,"CC(R) NH",CONV!R:R,"Elect") -> 7 | G23: =COUNTIFS(CONV!C:C,"LPS",CONV!K:K,"CC(R) BT",CONV!R:R,"Elect") -> 4 | H23: =COUNTIFS(CONV!C:C,"LPS",CONV!K:K,"CC(R) RHA",CONV!R:R,"Elect") -> 5 | I23: =SUM(B23:H23) -> 38 | O23: Total | P23: =SUM(P16:P22) -> 0 | Q23: =SUM(Q16:Q22) -> 0 | R23: =SUM(R16:R22) -> 13 | S23: =SUM(S16:S22) -> 7 | T23: =SUM(T16:T22) -> 11 | U23: =SUM(U16:U22) -> 18 | V23: =SUM(V16:V22) -> 49
A24: ALP | B24: =COUNTIFS(CONV!C:C,"ALP",CONV!K:K,"CC(R) NORTH",CONV!R:R,"Elect") -> 26 | C24: =COUNTIFS(CONV!C:C,"ALP",CONV!K:K,"CC(R) South",CONV!R:R,"Elect") -> 0 | D24: =COUNTIFS(CONV!C:C,"ALP",CONV!K:K,"CC(R) KOAA",CONV!R:R,"Elect") -> 16 | E24: =COUNTIFS(CONV!C:C,"ALP",CONV!K:K,"CC(R) DDJ",CONV!R:R,"Elect") -> 10 | F24: =COUNTIFS(CONV!C:C,"ALP",CONV!K:K,"CC(R) NH",CONV!R:R,"Elect") -> 4 | G24: =COUNTIFS(CONV!C:C,"ALP",CONV!K:K,"CC(R) BT",CONV!R:R,"Elect") -> 0 | H24: =COUNTIFS(CONV!C:C,"ALP",CONV!K:K,"CC(R) RHA",CONV!R:R,"Elect") -> 10 | I24: =SUM(B24:H24) -> 66
A25: Total | B25: =SUM(B19:B24) -> 65 | C25: =SUM(C19:C24) -> 15 | D25: =SUM(D19:D24) -> 27 | E25: =SUM(E19:E24) -> 34 | F25: =SUM(F19:F24) -> 24 | G25: =SUM(G19:G24) -> 6 | H25: =SUM(H19:H24) -> 23 | I25: =SUM(B25:H25) -> 194
A27: ON ROll | B27: DSL | O27: Distribution of Running Staff under CLI | Y27: DT | Z27: =TODAY() -> 46099
B28: North | C28: South | D28: KOAA | E28: DDJ+KRP | F28: NH | G28: BT | H28: RHA | I28: Total | O28: SL | P28: CLI | Q28: LPM | R28: LPP(Loco) | S28: MOTORMAN | T28: LPG | U28: LPS | V28: ALP | W28: TWD | X28: TOTAL | Y28: LP
A29: LPM | B29: =COUNTIFS(CONV!C:C,"LPM",CONV!K:K,"CC(R) NORTH",CONV!R:R,"DSL") -> 0 | C29: =COUNTIFS(CONV!C:C,"LPM",CONV!K:K,"CC(R) South",CONV!R:R,"DSL") -> 0 | D29: =COUNTIFS(CONV!C:C,"LPM",CONV!K:K,"CC(R) KOAA",CONV!R:R,"DSL") -> 0 | E29: =COUNTIFS(CONV!C:C,"LPM",CONV!K:K,"CC(R) DDJ") -> 0 | F29: =COUNTIFS(CONV!C:C,"LPM",CONV!K:K,"CC(R) NH") -> 0 | G29: =COUNTIFS(CONV!C:C,"LPM",CONV!K:K,"CC(R) BT") -> 0 | H29: =COUNTIFS(CONV!C:C,"LPM",CONV!K:K,"CC(R) RHA") -> 0 | I29: =SUM(B29:H29) -> 0 | O29: 1 | P29: AMITAV TARAFDER | Q29: =SUM(COUNTIFS(North!C:C,"LPM",North!L:L,"AMITAV TARAFDER"),COUNTIFS(KOAA!C:C,"LPM",KOAA!L:L,"AMITAV TARAFDER"),COUNTIFS(South!C:C,"LPM",South!L:L,"AMITAV TARAFDER"),COUNTIFS(DDJ!C:C,"LPM",DDJ!L:L,"AMITAV TARAFDER"),COUNTIFS(BT!C:C,"LPM",BT!L:L,"AMITAV TARAFDER"),COUNTIFS(NH!C:C,"LPM",NH!L:L,"AMITAV TARAFDER"),COUNTIFS(CONV!C:C,"LPM",CONV!L:L,"AMITAV TARAFDER")) -> 0 | R29: =SUM(COUNTIFS(North!C:C,"LPP(LOCO)",North!L:L,"AMITAV TARAFDER"),COUNTIFS(KOAA!C:C,"LPP(LOCO)",KOAA!L:L,"AMITAV TARAFDER"),COUNTIFS(South!C:C,"LPP(LOCO)",South!L:L,"AMITAV TARAFDER"),COUNTIFS(DDJ!C:C,"LPP(LOCO)",DDJ!L:L,"AMITAV TARAFDER"),COUNTIFS(BT!C:C,"LPP(LOCO)",BT!L:L,"AMITAV TARAFDER"),COUNTIFS(NH!C:C,"LPP(LOCO)",NH!L:L,"AMITAV TARAFDER"),COUNTIFS(CONV!C:C,"LPP(LOCO)",CONV!L:L,"AMITAV TARAFDER")) -> 0 | S29: =SUM(COUNTIFS(North!C:C,"Motorman",North!L:L,"AMITAV TARAFDER"),COUNTIFS(KOAA!C:C,"Motorman",KOAA!L:L,"AMITAV TARAFDER"),COUNTIFS(South!C:C,"Motorman",South!L:L,"AMITAV TARAFDER"),COUNTIFS(DDJ!C:C,"Motorman",DDJ!L:L,"AMITAV TARAFDER"),COUNTIFS(BT!C:C,"Motorman",BT!L:L,"AMITAV TARAFDER"),COUNTIFS(NH!C:C,"Motorman",NH!L:L,"AMITAV TARAFDER"),COUNTIFS(CONV!C:C,"MOTORMAN",CONV!L:L,"AMITAV TARAFDER"),COUNTIFS(RHA!C:C,"MOTORMAN",RHA!L:L,"AMITAV TARAFDER")) -> 36 | T29: =SUM(COUNTIFS(North!C:C,"LPG",North!L:L,"AMITAV TARAFDER"),COUNTIFS(KOAA!C:C,"LPG",KOAA!L:L,"AMITAV TARAFDER"),COUNTIFS(South!C:C,"LPG",South!L:L,"AMITAV TARAFDER"),COUNTIFS(DDJ!C:C,"LPG",DDJ!L:L,"AMITAV TARAFDER"),COUNTIFS(BT!C:C,"LPG",BT!L:L,"AMITAV TARAFDER"),COUNTIFS(NH!C:C,"LPG",NH!L:L,"AMITAV TARAFDER"),COUNTIFS(CONV!C:C,"LPG",CONV!L:L,"AMITAV TARAFDER",CONV!R:R,"Elect"),COUNTIFS(RHA!C:C,"LPG",RHA!L:L,"AMITAV TARAFDER")) -> 6 | U29: =SUM(COUNTIFS(North!C:C,"LPS",North!L:L,"AMITAV TARAFDER"),COUNTIFS(KOAA!C:C,"LPS",KOAA!L:L,"AMITAV TARAFDER"),COUNTIFS(South!C:C,"LPS",South!L:L,"AMITAV TARAFDER"),COUNTIFS(DDJ!C:C,"LPS",DDJ!L:L,"AMITAV TARAFDER"),COUNTIFS(BT!C:C,"LPS",BT!L:L,"AMITAV TARAFDER"),COUNTIFS(NH!C:C,"LPS",NH!L:L,"AMITAV TARAFDER"),COUNTIFS(CONV!C:C,"LPS",CONV!L:L,"AMITAV TARAFDER",CONV!R:R,"Elect")) -> 5 | V29: =SUM(COUNTIFS(North!C:C,"ALP",North!L:L,"AMITAV TARAFDER"),COUNTIFS(KOAA!C:C,"ALP",KOAA!L:L,"AMITAV TARAFDER"),COUNTIFS(South!C:C,"ALP",South!L:L,"AMITAV TARAFDER"),COUNTIFS(DDJ!C:C,"ALP",DDJ!L:L,"AMITAV TARAFDER"),COUNTIFS(BT!C:C,"ALP",BT!L:L,"AMITAV TARAFDER"),COUNTIFS(NH!C:C,"ALP",NH!L:L,"AMITAV TARAFDER"),COUNTIFS(CONV!C:C,"ALP",CONV!L:L,"AMITAV TARAFDER"),COUNTIFS(RHA!C:C,"ALP",RHA!L:L,"AMITAV TARAFDER")) -> 17 | W29: =IFERROR(__xludf.DUMMYFUNCTION("IMPORTRANGE(""https://docs.google.com/spreadsheets/d/1mJewmOL7uFLOZntlUxVr1CaPuLkVrP0Vw3DUi9u3slk/edit?usp=sharing"",""SUMMARY!C2"")"),0) -> 0 | X29: =SUM(Q29:W29) -> 64 | Y29: =SUM(Q29:T29) -> 42
A30: Motorman | B30: =COUNTIFS(CONV!C:C,"MOTORMAN",CONV!K:K,"CC(R) NORTH",CONV!R:R,"DSL") -> 0 | C30: =COUNTIFS(CONV!C:C,"motorman",CONV!K:K,"CC(R) South",CONV!R:R,"DSL") -> 0 | D30: =COUNTIFS(CONV!C:C,"MOTORMAN",CONV!K:K,"CC(R) KOAA",CONV!R:R,"DSL") -> 0 | E30: =COUNTIFS(CONV!C:C,"MOTORMAN",CONV!K:K,"CC(R) DDJ",CONV!R:R,"DSL") -> 0 | F30: =COUNTIFS(CONV!C:C,"MOTORMAN",CONV!K:K,"CC(R) NH",CONV!R:R,"DSL") -> 0 | G30: =COUNTIFS(CONV!C:C,"MOTORMAN",CONV!K:K,"CC(R) BT",CONV!R:R,"DSL") -> 0 | H30: =COUNTIFS(CONV!C:C,"MOTORMAN",CONV!K:K,"CC(R) RHA",CONV!R:R,"DSL") -> 0 | I30: =SUM(B30:H30) -> 0 | O30: 2 | P30: SWAPAN KUMAR MONDAL | Q30: =SUM(COUNTIFS(North!C:C,"LPM",North!L:L,"SWAPAN KUMAR MONDAL"),COUNTIFS(KOAA!C:C,"LPM",KOAA!L:L,"SWAPAN KUMAR MONDAL"),COUNTIFS(South!C:C,"LPM",South!L:L,"SWAPAN KUMAR MONDAL"),COUNTIFS(DDJ!C:C,"LPM",DDJ!L:L,"SWAPAN KUMAR MONDAL"),COUNTIFS(BT!C:C,"LPM",BT!L:L,"SWAPAN KUMAR MONDAL"),COUNTIFS(NH!C:C,"LPM",NH!L:L,"SWAPAN KUMAR MONDAL"),COUNTIFS(CONV!C:C,"LPM",CONV!L:L,"SWAPAN KUMAR MONDAL")) -> 0 | R30: =SUM(COUNTIFS(North!C:C,"LPP(LOCO)",North!L:L,"SWAPAN KUMAR MONDAL"),COUNTIFS(KOAA!C:C,"LPP(LOCO)",KOAA!L:L,"SWAPAN KUMAR MONDAL"),COUNTIFS(South!C:C,"LPP(LOCO)",South!L:L,"SWAPAN KUMAR MONDAL"),COUNTIFS(DDJ!C:C,"LPP(LOCO)",DDJ!L:L,"SWAPAN KUMAR MONDAL"),COUNTIFS(BT!C:C,"LPP(LOCO)",BT!L:L,"SWAPAN KUMAR MONDAL"),COUNTIFS(NH!C:C,"LPP(LOCO)",NH!L:L,"SWAPAN KUMAR MONDAL"),COUNTIFS(CONV!C:C,"LPP(LOCO)",CONV!L:L,"SWAPAN KUMAR MONDAL")) -> 0 | S30: =SUM(COUNTIFS(North!C:C,"Motorman",North!L:L,"SWAPAN KUMAR MONDAL"),COUNTIFS(KOAA!C:C,"Motorman",KOAA!L:L,"SWAPAN KUMAR MONDAL"),COUNTIFS(South!C:C,"Motorman",South!L:L,"SWAPAN KUMAR MONDAL"),COUNTIFS(DDJ!C:C,"Motorman",DDJ!L:L,"SWAPAN KUMAR MONDAL"),COUNTIFS(BT!C:C,"Motorman",BT!L:L,"SWAPAN KUMAR MONDAL"),COUNTIFS(NH!C:C,"Motorman",NH!L:L,"SWAPAN KUMAR MONDAL"),COUNTIFS(CONV!C:C,"MOTORMAN",CONV!L:L,"SWAPAN KUMAR MONDAL"),COUNTIFS(RHA!C:C,"MOTORMAN",RHA!L:L,"SWAPAN KUMAR MONDAL")) -> 36 | T30: =SUM(COUNTIFS(North!C:C,"LPG",North!L:L,"SWAPAN KUMAR MONDAL"),COUNTIFS(KOAA!C:C,"LPG",KOAA!L:L,"SWAPAN KUMAR MONDAL"),COUNTIFS(South!C:C,"LPG",South!L:L,"SWAPAN KUMAR MONDAL"),COUNTIFS(DDJ!C:C,"LPG",DDJ!L:L,"SWAPAN KUMAR MONDAL"),COUNTIFS(BT!C:C,"LPG",BT!L:L,"SWAPAN KUMAR MONDAL"),COUNTIFS(NH!C:C,"LPG",NH!L:L,"SWAPAN KUMAR MONDAL"),COUNTIFS(CONV!C:C,"LPG",CONV!L:L,"SWAPAN KUMAR MONDAL",CONV!R:R,"Elect"),,COUNTIFS(RHA!C:C,"LPG",RHA!L:L,"SWAPAN KUMAR MONDAL")) -> 9 | U30: =SUM(COUNTIFS(North!C:C,"LPS",North!L:L,"SWAPAN KUMAR MONDAL"),COUNTIFS(KOAA!C:C,"LPS",KOAA!L:L,"SWAPAN KUMAR MONDAL"),COUNTIFS(South!C:C,"LPS",South!L:L,"SWAPAN KUMAR MONDAL"),COUNTIFS(DDJ!C:C,"LPS",DDJ!L:L,"SWAPAN KUMAR MONDAL"),COUNTIFS(BT!C:C,"LPS",BT!L:L,"SWAPAN KUMAR MONDAL"),COUNTIFS(NH!C:C,"LPS",NH!L:L,"SWAPAN KUMAR MONDAL"),COUNTIFS(CONV!C:C,"LPS",CONV!L:L,"SWAPAN KUMAR MONDAL",CONV!R:R,"Elect"),COUNTIFS(RHA!C:C,"LPS",RHA!L:L,"SWAPAN KUMAR MONDAL")) -> 6 | V30: =SUM(COUNTIFS(North!C:C,"ALP",North!L:L,"SWAPAN KUMAR MONDAL"),COUNTIFS(KOAA!C:C,"ALP",KOAA!L:L,"SWAPAN KUMAR MONDAL"),COUNTIFS(South!C:C,"ALP",South!L:L,"SWAPAN KUMAR MONDAL"),COUNTIFS(DDJ!C:C,"ALP",DDJ!L:L,"SWAPAN KUMAR MONDAL"),COUNTIFS(BT!C:C,"ALP",BT!L:L,"SWAPAN KUMAR MONDAL"),COUNTIFS(NH!C:C,"ALP",NH!L:L,"SWAPAN KUMAR MONDAL"),COUNTIFS(CONV!C:C,"ALP",CONV!L:L,"SWAPAN KUMAR MONDAL"),COUNTIFS(RHA!C:C,"ALP",RHA!L:L,"SWAPAN KUMAR MONDAL")) -> 14 | W30: 0 | X30: =SUM(Q30:W30) -> 65 | Y30: =SUM(Q30:T30) -> 45
A31: LPP(Loco) | B31: =COUNTIFS(CONV!C:C,"LPP(LOCO)",CONV!K:K,"CC(R) NORTH",CONV!R:R,"DSL") -> 0 | C31: =COUNTIFS(CONV!C:C,"LPP(loco)",CONV!K:K,"CC(R) South",CONV!R:R,"DSL") -> 0 | D31: =COUNTIFS(CONV!C:C,"LPP(LOCO)",CONV!K:K,"CC(R) KOAA",CONV!R:R,"DSL") -> 0 | E31: =COUNTIFS(CONV!C:C,"LPP(LOCO)",CONV!K:K,"CC(R) DDJ",CONV!R:R,"DSL") -> 0 | F31: =COUNTIFS(CONV!C:C,"LPP(LOCO)",CONV!K:K,"CC(R) NH",CONV!R:R,"DSL") -> 0 | G31: =COUNTIFS(CONV!C:C,"LPP(LOCO)",CONV!K:K,"CC(R) BT",CONV!R:R,"DSL") -> 0 | H31: =COUNTIFS(CONV!C:C,"LPP(LOCO)",CONV!K:K,"CC(R) RHA",CONV!R:R,"DSL") -> 0 | I31: =SUM(B31:H31) -> 0 | O31: 3 | P31: Ruwel Murmu | Q31: =SUM(COUNTIFS(North!C:C,"LPM",North!L:L,"Ruwel Murmu"),COUNTIFS(KOAA!C:C,"LPM",KOAA!L:L,"ruwel murmu"),COUNTIFS(South!C:C,"LPM",South!L:L,"ruwel murmu"),COUNTIFS(DDJ!C:C,"LPM",DDJ!L:L,"ruwel murmu"),COUNTIFS(BT!C:C,"LPM",BT!L:L,"ruwel murmu"),COUNTIFS(NH!C:C,"LPM",NH!L:L,"ruwel murmu"),COUNTIFS(CONV!C:C,"LPM",CONV!L:L,"RUWEL MURMU")) -> 14 | R31: =SUM(COUNTIFS(North!C:C,"LPP(LOCO)",North!L:L,"Ruwel Murmu"),COUNTIFS(KOAA!C:C,"LPP(LOCO)",KOAA!L:L,"ruwel murmu"),COUNTIFS(South!C:C,"LPP(LOCO)",South!L:L,"ruwel murmu"),COUNTIFS(DDJ!C:C,"LPP(LOCO)",DDJ!L:L,"ruwel murmu"),COUNTIFS(BT!C:C,"LPP(LOCO)",BT!L:L,"ruwel murmu"),COUNTIFS(NH!C:C,"LPP(LOCO)",NH!L:L,"ruwel murmu"),COUNTIFS(CONV!C:C,"LPP(LOCO)",CONV!L:L,"RUWEL MURMU")) -> 0 | S31: =SUM(COUNTIFS(North!C:C,"MOTORMAN",North!L:L,"Ruwel Murmu"),COUNTIFS(KOAA!C:C,"MOTORMAN",KOAA!L:L,"ruwel murmu"),COUNTIFS(South!C:C,"MOTORMAN",South!L:L,"ruwel murmu"),COUNTIFS(DDJ!C:C,"MOTORMAN",DDJ!L:L,"ruwel murmu"),COUNTIFS(BT!C:C,"MOTORMAN",BT!L:L,"ruwel murmu"),COUNTIFS(NH!C:C,"MOTORMAN",NH!L:L,"ruwel murmu"),COUNTIFS(CONV!C:C,"MOTORMAN",CONV!L:L,"RUWEL MURMU"),COUNTIFS(RHA!C:C,"MOTORMAN",RHA!L:L,"ruwel murmu")) -> 9 | T31: =SUM(COUNTIFS(North!C:C,"LPG",North!L:L,"Ruwel Murmu"),COUNTIFS(KOAA!C:C,"LPG",KOAA!L:L,"ruwel murmu"),COUNTIFS(South!C:C,"LPG",South!L:L,"ruwel murmu"),COUNTIFS(DDJ!C:C,"LPG",DDJ!L:L,"ruwel murmu"),COUNTIFS(BT!C:C,"LPG",BT!L:L,"ruwel murmu"),COUNTIFS(NH!C:C,"LPG",NH!L:L,"ruwel murmu"),COUNTIFS(CONV!C:C,"LPG",CONV!L:L,"RUWEL MURMU",CONV!R:R,"Elect"),COUNTIFS(RHA!C:C,"LPG",RHA!L:L,"RUWEL MURMU")) -> 4 | U31: =SUM(COUNTIFS(North!C:C,"LPS",North!L:L,"Ruwel Murmu"),COUNTIFS(KOAA!C:C,"LPS",KOAA!L:L,"ruwel murmu"),COUNTIFS(South!C:C,"LPS",South!L:L,"ruwel murmu"),COUNTIFS(DDJ!C:C,"LPS",DDJ!L:L,"ruwel murmu"),COUNTIFS(BT!C:C,"LPS",BT!L:L,"ruwel murmu"),COUNTIFS(NH!C:C,"LPS",NH!L:L,"ruwel murmu"),COUNTIFS(CONV!C:C,"LPS",CONV!L:L,"RUWEL MURMU",CONV!R:R,"Elect"),COUNTIFS(RHA!C:C,"LPS",RHA!L:L,"RUWEL MURMU")) -> 1 | V31: =SUM(COUNTIFS(North!C:C,"ALP",North!L:L,"Ruwel Murmu"),COUNTIFS(KOAA!C:C,"ALP",KOAA!L:L,"ruwel murmu"),COUNTIFS(South!C:C,"ALP",South!L:L,"ruwel murmu"),COUNTIFS(DDJ!C:C,"ALP",DDJ!L:L,"ruwel murmu"),COUNTIFS(BT!C:C,"ALP",BT!L:L,"ruwel murmu"),COUNTIFS(NH!C:C,"ALP",NH!L:L,"ruwel murmu"),COUNTIFS(CONV!C:C,"ALP",CONV!L:L,"RUWEL MURMU"),COUNTIFS(RHA!C:C,"ALP",RHA!L:L,"RUWEL MURMU")) -> 17 | W31: 0 | X31: =SUM(Q31:W31) -> 45 | Y31: =SUM(Q31:T31) -> 27
A32: LPG | B32: =COUNTIFS(CONV!C:C,"LPG",CONV!K:K,"CC(R) NORTH",CONV!R:R,"DSL") -> 0 | C32: =COUNTIFS(CONV!C:C,"LPG",CONV!K:K,"CC(R) South",CONV!R:R,"DSL") -> 0 | D32: =COUNTIFS(CONV!C:C,"LPG",CONV!K:K,"CC(R) KOAA",CONV!R:R,"DSL") -> 0 | E32: =COUNTIFS(CONV!C:C,"LPG",CONV!K:K,"CC(R) DDJ",CONV!R:R,"DSL") -> 77 | F32: =COUNTIFS(CONV!C:C,"LPG",CONV!K:K,"CC(R) NH",CONV!R:R,"DSL") -> 21 | G32: =COUNTIFS(CONV!C:C,"LPG",CONV!K:K,"CC(R) BT",CONV!R:R,"DSL") -> 0 | H32: =COUNTIFS(CONV!C:C,"LPG",CONV!K:K,"CC(R) RHA",CONV!R:R,"DSL") -> 13 | I32: =SUM(B32:H32) -> 111 | O32: 4 | P32: Rajeev Kumar Sabherwal | Q32: =SUM(COUNTIFS(North!C:C,"LPM",North!L:L,"R K Sabherwal"),COUNTIFS(KOAA!C:C,"LPM",KOAA!L:L,"R K Sabherwal"),COUNTIFS(South!C:C,"LPM",South!L:L,"R K Sabherwal"),COUNTIFS(DDJ!C:C,"LPM",DDJ!L:L,"R K Sabherwal"),COUNTIFS(BT!C:C,"LPM",BT!L:L,"R K Sabherwal"),COUNTIFS(NH!C:C,"LPM",NH!L:L,"R K Sabherwal"),COUNTIFS(CONV!C:C,"LPM",CONV!L:L,"R K SABHERWAL")) -> 15 | R32: =SUM(COUNTIFS(North!C:C,"LPp(loco)",North!L:L,"R K Sabherwal"),COUNTIFS(KOAA!C:C,"LPp(loco)",KOAA!L:L,"R K Sabherwal"),COUNTIFS(South!C:C,"LPp(loco)",South!L:L,"R K Sabherwal"),COUNTIFS(DDJ!C:C,"LPp(loco)",DDJ!L:L,"R K Sabherwal"),COUNTIFS(BT!C:C,"LPp(loco)",BT!L:L,"R K Sabherwal"),COUNTIFS(NH!C:C,"LPp(loco)",NH!L:L,"R K Sabherwal"),COUNTIFS(CONV!C:C,"LPP(LOCO)",CONV!L:L,"R K SABHERWAL")) -> 0 | S32: =SUM(COUNTIFS(North!C:C,"motorman",North!L:L,"R K Sabherwal"),COUNTIFS(KOAA!C:C,"motorman",KOAA!L:L,"R K Sabherwal"),COUNTIFS(South!C:C,"motorman",South!L:L,"R K Sabherwal"),COUNTIFS(DDJ!C:C,"motorman",DDJ!L:L,"R K Sabherwal"),COUNTIFS(BT!C:C,"motorman",BT!L:L,"R K Sabherwal"),COUNTIFS(NH!C:C,"motorman",NH!L:L,"R K Sabherwal"),COUNTIFS(CONV!C:C,"MOTORMAN",CONV!L:L,"R K SABHERWAL"),COUNTIFS(RHA!C:C,"MOTORMAN",RHA!L:L,"R K SABHERWAL")) -> 11 | T32: =SUM(COUNTIFS(North!C:C,"lpg",North!L:L,"R K Sabherwal"),COUNTIFS(KOAA!C:C,"lpg",KOAA!L:L,"R K Sabherwal"),COUNTIFS(South!C:C,"lpg",South!L:L,"R K Sabherwal"),COUNTIFS(DDJ!C:C,"lpg",DDJ!L:L,"R K Sabherwal"),COUNTIFS(BT!C:C,"lpg",BT!L:L,"R K Sabherwal"),COUNTIFS(NH!C:C,"lpg",NH!L:L,"R K Sabherwal"),COUNTIFS(CONV!C:C,"LPG",CONV!L:L,"R K SABHERWAL",CONV!R:R,"Elect"),COUNTIFS(RHA!C:C,"LPG",RHA!L:L,"R K SABHERWAL")) -> 4 | U32: =SUM(COUNTIFS(North!C:C,"lps",North!L:L,"R K Sabherwal"),COUNTIFS(KOAA!C:C,"lps",KOAA!L:L,"R K Sabherwal"),COUNTIFS(South!C:C,"lps",South!L:L,"R K Sabherwal"),COUNTIFS(DDJ!C:C,"lps",DDJ!L:L,"R K Sabherwal"),COUNTIFS(BT!C:C,"lps",BT!L:L,"R K Sabherwal"),COUNTIFS(NH!C:C,"lps",NH!L:L,"R K Sabherwal"),COUNTIFS(CONV!C:C,"LPS",CONV!L:L,"R K SABHERWAL",CONV!R:R,"Elect"),COUNTIFS(RHA!C:C,"LPS",RHA!L:L,"R K SABHERWAL")) -> 5 | V32: =SUM(COUNTIFS(North!C:C,"alp",North!L:L,"R K Sabherwal"),COUNTIFS(KOAA!C:C,"alp",KOAA!L:L,"R K Sabherwal"),COUNTIFS(South!C:C,"alp",South!L:L,"R K Sabherwal"),COUNTIFS(DDJ!C:C,"alp",DDJ!L:L,"R K Sabherwal"),COUNTIFS(BT!C:C,"alp",BT!L:L,"R K Sabherwal"),COUNTIFS(NH!C:C,"alp",NH!L:L,"R K Sabherwal"),COUNTIFS(CONV!C:C,"ALP",CONV!L:L,"R K SABHERWAL"),COUNTIFS(RHA!C:C,"ALP",RHA!L:L,"R K SABHERWAL")) -> 12 | W32: 0 | X32: =SUM(Q32:W32) -> 47 | Y32: =SUM(Q32:T32) -> 30
A33: LPS | B33: =COUNTIFS(CONV!C:C,"LPS",CONV!K:K,"CC(R) NORTH",CONV!R:R,"DSL") -> 0 | C33: =COUNTIFS(CONV!C:C,"LPS",CONV!K:K,"CC(R) South",CONV!R:R,"DSL") -> 0 | D33: =COUNTIFS(CONV!C:C,"LPS",CONV!K:K,"CC(R) KOAA",CONV!R:R,"DSL") -> 2 | E33: =COUNTIFS(CONV!C:C,"LPS",CONV!K:K,"CC(R) DDJ",CONV!R:R,"DSL") -> 5 | F33: =COUNTIFS(CONV!C:C,"LPS",CONV!K:K,"CC(R) NH",CONV!R:R,"DSL") -> 6 | G33: =COUNTIFS(CONV!C:C,"LPS",CONV!K:K,"CC(R) BT",CONV!R:R,"DSL") -> 0 | H33: =COUNTIFS(CONV!C:C,"LPS",CONV!K:K,"CC(R) RHA",CONV!R:R,"DSL") -> 4 | I33: =SUM(B33:H33) -> 17 | O33: 5 | P33: Kalyan Das | Q33: =SUM(COUNTIFS(North!C:C,"LPM",North!L:L,"kalyan das"),COUNTIFS(KOAA!C:C,"LPM",KOAA!L:L,"kalyan das"),COUNTIFS(South!C:C,"LPM",South!L:L,"kalyan das"),COUNTIFS(DDJ!C:C,"LPM",DDJ!L:L,"kalyan das"),COUNTIFS(BT!C:C,"LPM",BT!L:L,"kalyan das"),COUNTIFS(NH!C:C,"LPM",NH!L:L,"kalyan das"),COUNTIFS(CONV!C:C,"LPM",CONV!L:L,"KALYAN DAS")) -> 0 | R33: =SUM(COUNTIFS(North!C:C,"LPp(loco)",North!L:L,"kalyan das"),COUNTIFS(KOAA!C:C,"LPp(loco)",KOAA!L:L,"kalyan das"),COUNTIFS(South!C:C,"LPp(loco)",South!L:L,"kalyan das"),COUNTIFS(DDJ!C:C,"LPp(loco)",DDJ!L:L,"kalyan das"),COUNTIFS(BT!C:C,"LPp(loco)",BT!L:L,"kalyan das"),COUNTIFS(NH!C:C,"LPp(loco)",NH!L:L,"kalyan das"),COUNTIFS(CONV!C:C,"LPP(LOCO)",CONV!L:L,"KALYAN DAS")) -> 0 | S33: =SUM(COUNTIFS(North!C:C,"motorman",North!L:L,"kalyan das"),COUNTIFS(KOAA!C:C,"motorman",KOAA!L:L,"kalyan das"),COUNTIFS(South!C:C,"motorman",South!L:L,"kalyan das"),COUNTIFS(DDJ!C:C,"motorman",DDJ!L:L,"kalyan das"),COUNTIFS(BT!C:C,"motorman",BT!L:L,"kalyan das"),COUNTIFS(NH!C:C,"motorman",NH!L:L,"kalyan das"),COUNTIFS(CONV!C:C,"MOTORMAN",CONV!L:L,"KALYAN DAS"),COUNTIFS(RHA!C:C,"motorman",RHA!L:L,"kalyan das")) -> 35 | T33: =SUM(COUNTIFS(North!C:C,"lpg",North!L:L,"kalyan das"),COUNTIFS(KOAA!C:C,"lpg",KOAA!L:L,"kalyan das"),COUNTIFS(South!C:C,"lpg",South!L:L,"kalyan das"),COUNTIFS(DDJ!C:C,"lpg",DDJ!L:L,"kalyan das"),COUNTIFS(BT!C:C,"lpg",BT!L:L,"kalyan das"),COUNTIFS(NH!C:C,"lpg",NH!L:L,"kalyan das"),COUNTIFS(CONV!C:C,"LPG",CONV!L:L,"KALYAN DAS",CONV!R:R,"Elect"),COUNTIFS(RHA!C:C,"LPG",RHA!L:L,"KALYAN DAS")) -> 10 | U33: =SUM(COUNTIFS(North!C:C,"lps",North!L:L,"kalyan das"),COUNTIFS(KOAA!C:C,"lps",KOAA!L:L,"kalyan das"),COUNTIFS(South!C:C,"lps",South!L:L,"kalyan das"),COUNTIFS(DDJ!C:C,"lps",DDJ!L:L,"kalyan das"),COUNTIFS(BT!C:C,"lps",BT!L:L,"kalyan das"),COUNTIFS(NH!C:C,"lps",NH!L:L,"kalyan das"),COUNTIFS(CONV!C:C,"lps",CONV!L:L,"kalyan das",CONV!R:R,"Elect"),COUNTIFS(RHA!C:C,"lps",RHA!L:L,"kalyan das")) -> 7 | V33: =SUM(COUNTIFS(North!C:C,"alp",North!L:L,"Kalyan Das"),COUNTIFS(KOAA!C:C,"alp",KOAA!L:L,"Kalyan Das"),COUNTIFS(South!C:C,"alp",South!L:L,"Kalyan Das"),COUNTIFS(DDJ!C:C,"alp",DDJ!L:L,"Kalyan Das"),COUNTIFS(BT!C:C,"alp",BT!L:L,"Kalyan Das"),COUNTIFS(NH!C:C,"alp",NH!L:L,"Kalyan Das"),COUNTIFS(CONV!C:C,"ALP",CONV!L:L,"Kalyan Das"),COUNTIFS(RHA!C:C,"ALP",RHA!L:L,"Kalyan Das")) -> 15 | W33: 0 | X33: =SUM(Q33:W33) -> 67 | Y33: =SUM(Q33:T33) -> 45
A34: ALP | B34: =COUNTIFS(CONV!C:C,"ALP",CONV!K:K,"CC(R) NORTH",CONV!R:R,"DSL") -> 0 | C34: =COUNTIFS(CONV!C:C,"ALP",CONV!K:K,"CC(R) South",CONV!R:R,"DSL") -> 0 | D34: =COUNTIFS(CONV!C:C,"ALP",CONV!K:K,"CC(R) KOAA",CONV!R:R,"DSL") -> 0 | E34: =COUNTIFS(CONV!C:C,"ALP",CONV!K:K,"CC(R) DDJ",CONV!R:R,"DSL") -> 39 | F34: =COUNTIFS(CONV!C:C,"ALP",CONV!K:K,"CC(R) NH",CONV!R:R,"DSL") -> 11 | G34: =COUNTIFS(CONV!C:C,"ALP",CONV!K:K,"CC(R) BT",CONV!R:R,"DSL") -> 0 | H34: =COUNTIFS(CONV!C:C,"ALP",CONV!K:K,"CC(R) RHA",CONV!R:R,"DSL") -> 11 | I34: =SUM(B34:H34) -> 61 | O34: 6 | P34: UTPAL HALDER | Q34: =SUM(COUNTIFS(North!C:C,"LPM",North!L:L,"UTPAL HALDER"),COUNTIFS(KOAA!C:C,"LPM",KOAA!L:L,"UTPAL HALDER"),COUNTIFS(South!C:C,"LPM",South!L:L,"UTPAL HALDER"),COUNTIFS(DDJ!C:C,"LPM",DDJ!L:L,"UTPAL HALDER"),COUNTIFS(BT!C:C,"LPM",BT!L:L,"UTPAL HALDER"),COUNTIFS(NH!C:C,"LPM",NH!L:L,"UTPAL HALDER"),COUNTIFS(CONV!C:C,"LPM",CONV!L:L,"UTPAL HALDER")) -> 0 | R34: =SUM(COUNTIFS(North!C:C,"lpp(loco)",North!L:L,"UTPAL HALDER"),COUNTIFS(KOAA!C:C,"lpp(loco)",KOAA!L:L,"UTPAL HALDER"),COUNTIFS(South!C:C,"lpp(loco)",South!L:L,"UTPAL HALDER"),COUNTIFS(DDJ!C:C,"lpp(loco)",DDJ!L:L,"UTPAL HALDER"),COUNTIFS(BT!C:C,"lpp(loco)",BT!L:L,"UTPAL HALDER"),COUNTIFS(NH!C:C,"lpp(loco)",NH!L:L,"UTPAL HALDER"),COUNTIFS(CONV!C:C,"LPP(LOCO)",CONV!L:L,"UTPAL HALDER")) -> 2 | S34: =SUM(COUNTIFS(North!C:C,"motorman",North!L:L,"UTPAL HALDER"),COUNTIFS(KOAA!C:C,"motorman",KOAA!L:L,"UTPAL HALDER"),COUNTIFS(South!C:C,"motorman",South!L:L,"UTPAL HALDER"),COUNTIFS(DDJ!C:C,"motorman",DDJ!L:L,"UTPAL HALDER"),COUNTIFS(BT!C:C,"motorman",BT!L:L,"UTPAL HALDER"),COUNTIFS(NH!C:C,"motorman",NH!L:L,"UTPAL HALDER"),COUNTIFS(CONV!C:C,"MOTORMAN",CONV!L:L,"UTPAL HALDER"),COUNTIFS(RHA!C:C,"motorman",RHA!L:L,"UTPAL HALDER")) -> 7 | T34: =SUM(COUNTIFS(North!C:C,"lpg",North!L:L,"UTPAL HALDER"),COUNTIFS(KOAA!C:C,"lpg",KOAA!L:L,"UTPAL HALDER"),COUNTIFS(South!C:C,"lpg",South!L:L,"UTPAL HALDER"),COUNTIFS(DDJ!C:C,"lpg",DDJ!L:L,"UTPAL HALDER"),COUNTIFS(BT!C:C,"lpg",BT!L:L,"sibasis roy"),COUNTIFS(NH!C:C,"lpg",NH!L:L,"UTPAL HALDER"),COUNTIFS(CONV!C:C,"LPG",CONV!L:L,"UTPAL HALDER",CONV!R:R,"Elect"),COUNTIFS(RHA!C:C,"LPG",RHA!L:L,"UTPAL HALDER")) -> 2 | U34: =SUM(COUNTIFS(North!C:C,"lps",North!L:L,"UTPAL HALDER"),COUNTIFS(KOAA!C:C,"lps",KOAA!L:L,"UTPAL HALDER"),COUNTIFS(South!C:C,"lps",South!L:L,"UTPAL HALDER"),COUNTIFS(DDJ!C:C,"lps",DDJ!L:L,"UTPAL HALDER"),COUNTIFS(BT!C:C,"lps",BT!L:L,"UTPAL HALDER"),COUNTIFS(NH!C:C,"lps",NH!L:L,"UTPAL HALDER"),COUNTIFS(CONV!C:C,"LPS",CONV!L:L,"UTPAL HALDER",CONV!R:R,"Elect"),COUNTIFS(CONV!C:C,"ALP",CONV!L:L,"UTPAL HALDER",CONV!R:R,"Elect"),COUNTIFS(RHA!C:C,"ALP",RHA!L:L,"UTPAL HALDER")) -> 1 | V34: =SUM(COUNTIFS(North!C:C,"alp",North!L:L,"UTPAL HALDER"),COUNTIFS(KOAA!C:C,"alp",KOAA!L:L,"UTPAL HALDER"),COUNTIFS(South!C:C,"alp",South!L:L,"UTPAL HALDER"),COUNTIFS(DDJ!C:C,"alp",DDJ!L:L,"UTPAL HALDER"),COUNTIFS(BT!C:C,"alp",BT!L:L,"sibasis roy"),COUNTIFS(NH!C:C,"alp",NH!L:L,"UTPAL HALDER"),COUNTIFS(RHA!C:C,"alp",RHA!L:L,"UTPAL HALDER")) -> 1 | W34: 0 | X34: =SUM(Q34:W34) -> 13 | Y34: =SUM(Q34:T34) -> 11
A35: Total | B35: =SUM(B29:B34) -> 0 | C35: =SUM(C29:C34) -> 0 | D35: =SUM(D29:D34) -> 2 | E35: =SUM(E29:E34) -> 121 | F35: =SUM(F29:F34) -> 38 | G35: =SUM(G29:G34) -> 0 | H35: =SUM(H29:H34) -> 28 | I35: =SUM(B35:H35) -> 189 | O35: 7 | P35: S S Munda | Q35: =SUM(COUNTIFS(North!C:C,"lpm",North!L:L,"S S MUNDA"),COUNTIFS(KOAA!C:C,"lpm",KOAA!L:L,"S S MUNDA"),COUNTIFS(South!C:C,"lpm",South!L:L,"S S MUNDA"),COUNTIFS(DDJ!C:C,"lpm",DDJ!L:L,"S S MUNDA"),COUNTIFS(BT!C:C,"lpm",BT!L:L,"S S MUNDA"),COUNTIFS(NH!C:C,"lpm",NH!L:L,"S S MUNDA"),COUNTIFS(CONV!C:C,"LPM",CONV!L:L,"S S MUNDA")) -> 1 | R35: =SUM(COUNTIFS(North!C:C,"LPP(LOCO)",North!L:L,"S S MUNDA"),COUNTIFS(KOAA!C:C,"LPP(LOCO)",KOAA!L:L,"S S MUNDA"),COUNTIFS(South!C:C,"LPP(LOCO)",South!L:L,"S S MUNDA"),COUNTIFS(DDJ!C:C,"LPP(LOCO)",DDJ!L:L,"S S MUNDA"),COUNTIFS(BT!C:C,"LPP(LOCO)",BT!L:L,"S S MUNDA"),COUNTIFS(NH!C:C,"LPP(LOCO)",NH!L:L,"S S MUNDA"),COUNTIFS(CONV!C:C,"LPP(LOCO)",CONV!L:L,"S S MUNDA")) -> 0 | S35: =SUM(COUNTIFS(North!C:C,"MOTORMAN",North!L:L,"S S MUNDA"),COUNTIFS(KOAA!C:C,"MOTORMAN",KOAA!L:L,"S S MUNDA"),COUNTIFS(South!C:C,"MOTORMAN",South!L:L,"S S MUNDA"),COUNTIFS(DDJ!C:C,"MOTORMAN",DDJ!L:L,"S S MUNDA"),COUNTIFS(BT!C:C,"MOTORMAN",BT!L:L,"S S MUNDA"),COUNTIFS(NH!C:C,"MOTORMAN",NH!L:L,"S S MUNDA"),COUNTIFS(CONV!C:C,"MOTORMAN",CONV!L:L,"S S MUNDA"),COUNTIFS(RHA!C:C,"MOTORMAN",RHA!L:L,"S S MUNDA")) -> 15 | T35: =SUM(COUNTIFS(North!C:C,"LPG",North!L:L,"S S MUNDA"),COUNTIFS(KOAA!C:C,"LPG",KOAA!L:L,"S S MUNDA"),COUNTIFS(South!C:C,"LPG",South!L:L,"S S MUNDA"),COUNTIFS(DDJ!C:C,"LPG",DDJ!L:L,"S S MUNDA"),COUNTIFS(BT!C:C,"LPG",BT!L:L,"S S MUNDA"),COUNTIFS(NH!C:C,"LPG",NH!L:L,"S S MUNDA"),COUNTIFS(CONV!C:C,"LPG",CONV!L:L,"S S MUNDA",CONV!R:R,"Elect"),COUNTIFS(RHA!C:C,"LPG",RHA!L:L,"S S MUNDA")) -> 5 | U35: =SUM(COUNTIFS(North!C:C,"LPS",North!L:L,"S S MUNDA"),COUNTIFS(KOAA!C:C,"LPS",KOAA!L:L,"S S MUNDA"),COUNTIFS(South!C:C,"LPS",South!L:L,"S S MUNDA"),COUNTIFS(DDJ!C:C,"LPS",DDJ!L:L,"S S MUNDA"),COUNTIFS(BT!C:C,"LPS",BT!L:L,"S S MUNDA"),COUNTIFS(NH!C:C,"LPS",NH!L:L,"S S MUNDA"),COUNTIFS(CONV!C:C,"LPS",CONV!L:L,"S S MUNDA",CONV!R:R,"Elect"),COUNTIFS(RHA!C:C,"LPS",RHA!L:L,"S S MUNDA")) -> 1 | V35: =SUM(COUNTIFS(North!C:C,"ALP",North!L:L,"S S MUNDA"),COUNTIFS(KOAA!C:C,"ALP",KOAA!L:L,"S S MUNDA"),COUNTIFS(South!C:C,"ALP",South!L:L,"S S MUNDA"),COUNTIFS(DDJ!C:C,"ALP",DDJ!L:L,"S S MUNDA"),COUNTIFS(BT!C:C,"ALP",BT!L:L,"S S MUNDA"),COUNTIFS(NH!C:C,"ALP",NH!L:L,"S S MUNDA"),COUNTIFS(CONV!C:C,"ALP",CONV!L:L,"S S MUNDA"),COUNTIFS(RHA!C:C,"ALP",RHA!L:L,"S S MUNDA")) -> 8 | W35: =IFERROR(__xludf.DUMMYFUNCTION("IMPORTRANGE(""https://docs.google.com/spreadsheets/d/1mJewmOL7uFLOZntlUxVr1CaPuLkVrP0Vw3DUi9u3slk/edit?usp=sharing"",""SUMMARY!C34"")"),42) -> 42 | X35: =SUM(Q35:W35) -> 72 | Y35: =SUM(Q35:T35) -> 21
O36: 8 | P36: SANJAY KR GUPTA | Q36: =SUM(COUNTIFS(North!C:C,"lpm",North!L:L,"SANJAY KR GUPTA"),COUNTIFS(KOAA!C:C,"lpm",KOAA!L:L,"SANJAY KR GUPTA"),COUNTIFS(South!C:C,"lpm",South!L:L,"SANJAY KR GUPTA"),COUNTIFS(DDJ!C:C,"lpm",DDJ!L:L,"SANJAY KR GUPTA"),COUNTIFS(BT!C:C,"lpm",BT!L:L,"SANJAY KR GUPTA"),COUNTIFS(NH!C:C,"lpm",NH!L:L,"SANJAY KR GUPTA"),COUNTIFS(CONV!C:C,"LPM",CONV!L:L,"SANJAY KR GUPTA")) -> 11 | R36: =SUM(COUNTIFS(North!C:C,"lpp(loco)",North!L:L,"SANJAY KR GUPTA"),COUNTIFS(KOAA!C:C,"lpp(loco)",KOAA!L:L,"SANJAY KR GUPTA"),COUNTIFS(South!C:C,"lpp(loco)",South!L:L,"SANJAY KR GUPTA"),COUNTIFS(DDJ!C:C,"lpp(loco)",DDJ!L:L,"SANJAY KR GUPTA"),COUNTIFS(BT!C:C,"lpp(loco)",BT!L:L,"SANJAY KR GUPTA"),COUNTIFS(NH!C:C,"lpp(loco)",NH!L:L,"SANJAY KR GUPTA"),COUNTIFS(CONV!C:C,"LPP(LOCO)",CONV!L:L,"SANJAY KR GUPTA")) -> 7 | S36: =SUM(COUNTIFS(North!C:C,"motorman",North!L:L,"SANJAY KR GUPTA"),COUNTIFS(KOAA!C:C,"motorman",KOAA!L:L,"SANJAY KR GUPTA"),COUNTIFS(South!C:C,"motorman",South!L:L,"SANJAY KR GUPTA"),COUNTIFS(DDJ!C:C,"motorman",DDJ!L:L,"SANJAY KR GUPTA"),COUNTIFS(BT!C:C,"motorman",BT!L:L,"SANJAY KR GUPTA"),COUNTIFS(NH!C:C,"motorman",NH!L:L,"SANJAY KR GUPTA"),COUNTIFS(CONV!C:C,"MOTORMAN",CONV!L:L,"SANJAY KR GUPTA"),COUNTIFS(RHA!C:C,"MOTORMAN",RHA!L:L,"SANJAY KR GUPTA")) -> 0 | T36: =SUM(COUNTIFS(North!C:C,"lpg",North!L:L,"SANJAY KR GUPTA"),COUNTIFS(KOAA!C:C,"lpg",KOAA!L:L,"SANJAY KR GUPTA"),COUNTIFS(South!C:C,"lpg",South!L:L,"SANJAY KR GUPTA"),COUNTIFS(DDJ!C:C,"lpg",DDJ!L:L,"SANJAY KR GUPTA"),COUNTIFS(BT!C:C,"lpg",BT!L:L,"SANJAY KR GUPTA"),COUNTIFS(NH!C:C,"lpg",NH!L:L,"SANJAY KR GUPTA"),COUNTIFS(CONV!C:C,"LPG",CONV!L:L,"SANJAY KR GUPTA",CONV!R:R,"Elect"),,COUNTIFS(RHA!C:C,"LPG",RHA!L:L,"SANJAY KR GUPTA")) -> 1 | U36: =SUM(COUNTIFS(North!C:C,"lps",North!L:L,"SANJAY KR GUPTA"),COUNTIFS(KOAA!C:C,"lps",KOAA!L:L,"SANJAY KR GUPTA"),COUNTIFS(South!C:C,"lps",South!L:L,"SANJAY KR GUPTA"),COUNTIFS(DDJ!C:C,"lps",DDJ!L:L,"SANJAY KR GUPTA"),COUNTIFS(BT!C:C,"lps",BT!L:L,"SANJAY KR GUPTA"),COUNTIFS(NH!C:C,"lps",NH!L:L,"SANJAY KR GUPTA"),COUNTIFS(CONV!C:C,"LPS",CONV!L:L,"SANJAY KR GUPTA",CONV!R:R,"Elect"),COUNTIFS(RHA!C:C,"LPS",RHA!L:L,"SANJAY KR GUPTA")) -> 13 | V36: =SUM(COUNTIFS(North!C:C,"alp",North!L:L,"SANJAY KR GUPTA"),COUNTIFS(KOAA!C:C,"alp",KOAA!L:L,"SANJAY KR GUPTA"),COUNTIFS(South!C:C,"alp",South!L:L,"SANJAY KR GUPTA"),COUNTIFS(DDJ!C:C,"alp",DDJ!L:L,"SANJAY KR GUPTA"),COUNTIFS(BT!C:C,"alp",BT!L:L,"SANJAY KR GUPTA"),COUNTIFS(NH!C:C,"alp",NH!L:L,"SANJAY KR GUPTA"),COUNTIFS(CONV!C:C,"ALP",CONV!L:L,"SANJAY KR GUPTA"),COUNTIFS(RHA!C:C,"alp",RHA!L:L,"SANJAY KR GUPTA")) -> 35 | W36: 0 | X36: =SUM(Q36:W36) -> 67 | Y36: =SUM(Q36:T36) -> 19
A37: RETIREMENT | B37: ELECT | C37: 51226 | O37: 9 | P37: SIDDHARTHA BISWAS | Q37: =SUM(COUNTIFS(North!C:C,"lpm",North!L:L,"SIDDHARTHA BISWAS"),COUNTIFS(KOAA!C:C,"lpm",KOAA!L:L,"SIDDHARTHA BISWAS"),COUNTIFS(South!C:C,"lpm",South!L:L,"SIDDHARTHA BISWAS"),COUNTIFS(DDJ!C:C,"lpm",DDJ!L:L,"SIDDHARTHA BISWAS"),COUNTIFS(BT!C:C,"lpm",BT!L:L,"SIDDHARTHA BISWAS"),COUNTIFS(NH!C:C,"lpm",NH!L:L,"SIDDHARTHA BISWAS"),COUNTIFS(CONV!C:C,"LPM",CONV!L:L,"SIDDHARTHA BISWAS")) -> 0 | R37: =SUM(COUNTIFS(North!C:C,"lpp(loco)",North!L:L,"SIDDHARTHA BISWAS"),COUNTIFS(KOAA!C:C,"lpp(loco)",KOAA!L:L,"SIDDHARTHA BISWAS"),COUNTIFS(South!C:C,"lpp(loco)",South!L:L,"SIDDHARTHA BISWAS"),COUNTIFS(DDJ!C:C,"lpp(loco)",DDJ!L:L,"SIDDHARTHA BISWAS"),COUNTIFS(BT!C:C,"lpp(loco)",BT!L:L,"SIDDHARTHA BISWAS"),COUNTIFS(NH!C:C,"lpp(loco)",NH!L:L,"SIDDHARTHA BISWAS"),COUNTIFS(CONV!C:C,"LPP(LOCO)",CONV!L:L,"SIDDHARTHA BISWAS")) -> 0 | S37: =SUM(COUNTIFS(North!C:C,"motorman",North!L:L,"SIDDHARTHA BISWAS"),COUNTIFS(KOAA!C:C,"motorman",KOAA!L:L,"SIDDHARTHA BISWAS"),COUNTIFS(South!C:C,"motorman",South!L:L,"SIDDHARTHA BISWAS"),COUNTIFS(DDJ!C:C,"motorman",DDJ!L:L,"SIDDHARTHA BISWAS"),COUNTIFS(BT!C:C,"motorman",BT!L:L,"SIDDHARTHA BISWAS"),COUNTIFS(NH!C:C,"motorman",NH!L:L,"SIDDHARTHA BISWAS"),COUNTIFS(CONV!C:C,"MOTORMAN",CONV!L:L,"SIDDHARTHA BISWAS"),COUNTIFS(RHA!C:C,"MOTORMAN",RHA!L:L,"SIDDHARTHA BISWAS")) -> 36 | T37: =SUM(COUNTIFS(North!C:C,"lpg",North!L:L,"SIDDHARTHA BISWAS"),COUNTIFS(KOAA!C:C,"lpg",KOAA!L:L,"SIDDHARTHA BISWAS"),COUNTIFS(South!C:C,"lpg",South!L:L,"SIDDHARTHA BISWAS"),COUNTIFS(DDJ!C:C,"lpg",DDJ!L:L,"SIDDHARTHA BISWAS"),COUNTIFS(BT!C:C,"lpg",BT!L:L,"SIDDHARTHA BISWAS"),COUNTIFS(NH!C:C,"lpg",NH!L:L,"SIDDHARTHA BISWAS"),COUNTIFS(CONV!C:C,"LPG",CONV!L:L,"SIDDHARTHA BISWAS",CONV!R:R,"Elect"),COUNTIFS(RHA!C:C,"LPG",RHA!L:L,"SIDDHARTHA BISWAS")) -> 11 | U37: =SUM(COUNTIFS(North!C:C,"lps",North!L:L,"SIDDHARTHA BISWAS"),COUNTIFS(KOAA!C:C,"lps",KOAA!L:L,"SIDDHARTHA BISWAS"),COUNTIFS(South!C:C,"lps",South!L:L,"SIDDHARTHA BISWAS"),COUNTIFS(DDJ!C:C,"lps",DDJ!L:L,"SIDDHARTHA BISWAS"),COUNTIFS(BT!C:C,"lps",BT!L:L,"SIDDHARTHA BISWAS"),COUNTIFS(NH!C:C,"lps",NH!L:L,"SIDDHARTHA BISWAS"),COUNTIFS(CONV!C:C,"LPS",CONV!L:L,"SIDDHARTHA BISWAS",CONV!R:R,"Elect"),COUNTIFS(RHA!C:C,"LPS",RHA!L:L,"SIDDHARTHA BISWAS")) -> 6 | V37: =SUM(COUNTIFS(North!C:C,"alp",North!L:L,"SIDDHARTHA BISWAS"),COUNTIFS(KOAA!C:C,"alp",KOAA!L:L,"SIDDHARTHA BISWAS"),COUNTIFS(South!C:C,"alp",South!L:L,"SIDDHARTHA BISWAS"),COUNTIFS(DDJ!C:C,"alp",DDJ!L:L,"SIDDHARTHA BISWAS"),COUNTIFS(BT!C:C,"alp",BT!L:L,"SIDDHARTHA BISWAS"),COUNTIFS(NH!C:C,"alp",NH!L:L,"SIDDHARTHA BISWAS"),COUNTIFS(CONV!C:C,"ALP",CONV!L:L,"SIDDHARTHA BISWAS"),COUNTIFS(RHA!C:C,"ALP",RHA!L:L,"SIDDHARTHA BISWAS")) -> 16 | W37: 0 | X37: =SUM(Q37:W37) -> 69 | Y37: =SUM(Q37:T37) -> 47
B38: North | C38: South | D38: KOAA | E38: DDJ | F38: NH | G38: BT | H38: RHA | I38: CP | J38: NKG | K38: HQ | L38: TOTAL | O38: 10 | P38: Bibhas Sarkar | Q38: =SUM(COUNTIFS(North!C:C,"lpm",North!L:L,"BIBHAS SARKAR"),COUNTIFS(KOAA!C:C,"lpm",KOAA!L:L,"BIBHAS SARKAR"),COUNTIFS(South!C:C,"lpm",South!L:L,"BIBHAS SARKAR"),COUNTIFS(DDJ!C:C,"lpm",DDJ!L:L,"BIBHAS SARKAR"),COUNTIFS(BT!C:C,"lpm",BT!L:L,"BIBHAS SARKAR"),COUNTIFS(NH!C:C,"lpm",NH!L:L,"BIBHAS SARKAR"),COUNTIFS(CONV!C:C,"LPM",CONV!L:L,"BIBHAS SARKAR")) -> 0 | R38: =SUM(COUNTIFS(North!C:C,"lpp(loco)",North!L:L,"BIBHAS SARKAR"),COUNTIFS(KOAA!C:C,"lpp(loco)",KOAA!L:L,"BIBHAS SARKAR"),COUNTIFS(South!C:C,"lpp(loco)",South!L:L,"BIBHAS SARKAR"),COUNTIFS(DDJ!C:C,"lpp(loco)",DDJ!L:L,"BIBHAS SARKAR"),COUNTIFS(BT!C:C,"lpp(loco)",BT!L:L,"BIBHAS SARKAR"),COUNTIFS(NH!C:C,"lpp(loco)",NH!L:L,"BIBHAS SARKAR"),COUNTIFS(CONV!C:C,"LPP(LOCO)",CONV!L:L,"BIBHAS SARKAR")) -> 0 | S38: =SUM(COUNTIFS(North!C:C,"motorman",North!L:L,"BIBHAS SARKAR"),COUNTIFS(KOAA!C:C,"motorman",KOAA!L:L,"BIBHAS SARKAR"),COUNTIFS(South!C:C,"motorman",South!L:L,"BIBHAS SARKAR"),COUNTIFS(DDJ!C:C,"motorman",DDJ!L:L,"BIBHAS SARKAR"),COUNTIFS(BT!C:C,"motorman",BT!L:L,"BIBHAS SARKAR"),COUNTIFS(NH!C:C,"motorman",NH!L:L,"BIBHAS SARKAR"),COUNTIFS(CONV!C:C,"MOTORMAN",CONV!L:L,"BIBHAS SARKAR"),COUNTIFS(RHA!C:C,"MOTORMAN",RHA!L:L,"BIBHAS SARKAR")) -> 37 | T38: =SUM(COUNTIFS(North!C:C,"lpg",North!L:L,"BIBHAS SARKAR"),COUNTIFS(KOAA!C:C,"lpg",KOAA!L:L,"BIBHAS SARKAR"),COUNTIFS(South!C:C,"lpg",South!L:L,"BIBHAS SARKAR"),COUNTIFS(DDJ!C:C,"lpg",DDJ!L:L,"BIBHAS SARKAR"),COUNTIFS(BT!C:C,"lpg",BT!L:L,"BIBHAS SARKAR"),COUNTIFS(NH!C:C,"lpg",NH!L:L,"BIBHAS SARKAR"),COUNTIFS(CONV!C:C,"LPG",CONV!L:L,"BIBHAS SARKAR",CONV!R:R,"Elect"),COUNTIFS(RHA!C:C,"LPG",RHA!L:L,"BIBHAS SARKAR")) -> 10 | U38: =SUM(COUNTIFS(North!C:C,"lps",North!L:L,"BIBHAS SARKAR"),COUNTIFS(KOAA!C:C,"lps",KOAA!L:L,"BIBHAS SARKAR"),COUNTIFS(South!C:C,"lps",South!L:L,"BIBHAS SARKAR"),COUNTIFS(DDJ!C:C,"lps",DDJ!L:L,"BIBHAS SARKAR"),COUNTIFS(BT!C:C,"lps",BT!L:L,"BIBHAS SARKAR"),COUNTIFS(NH!C:C,"lps",NH!L:L,"BIBHAS SARKAR"),COUNTIFS(CONV!C:C,"LPS",CONV!L:L,"BIBHAS SARKAR",CONV!R:R,"Elect"),COUNTIFS(RHA!C:C,"LPS",RHA!L:L,"BIBHAS SARKAR")) -> 4 | V38: =SUM(COUNTIFS(North!C:C,"alp",North!L:L,"BIBHAS SARKAR"),COUNTIFS(KOAA!C:C,"alp",KOAA!L:L,"BIBHAS SARKAR"),COUNTIFS(South!C:C,"alp",South!L:L,"BIBHAS SARKAR"),COUNTIFS(DDJ!C:C,"alp",DDJ!L:L,"BIBHAS SARKAR"),COUNTIFS(BT!C:C,"alp",BT!L:L,"BIBHAS SARKAR"),COUNTIFS(NH!C:C,"alp",NH!L:L,"BIBHAS SARKAR"),COUNTIFS(CONV!C:C,"ALP",CONV!L:L,"BIBHAS SARKAR"),COUNTIFS(RHA!C:C,"ALP",RHA!L:L,"BIBHAS SARKAR")) -> 16 | W38: 0 | X38: =SUM(Q38:W38) -> 67 | Y38: =SUM(Q38:T38) -> 47
A39: LPM | B39: =COUNTIFS(North!C:C,"LPM",North!N:N,"<="&C37) -> 15 | C39: =COUNTIFS(South!C:C,"LPM",South!N:N,"<="&C37) -> 0 | D39: =COUNTIFS(KOAA!C:C,"LPM",KOAA!N:N,"<="&C37) -> 14 | E39: =COUNTIFS(DDJ!C:C,"LPM",DDJ!N:N,"<="&C37) -> 0 | F39: =COUNTIFS(NH!C:C,"LPM",NH!N:N,"<="&C37) -> 0 | G39: =COUNTIFS(BT!C:C,"LPM",BT!N:N,"<="&C37) -> 0 | H39: =COUNTIFS(RHA!C:C,"LPM",RHA!N:N,"<="&C37) -> 0 | I39: 0 | J39: 0 | K39: 0 | L39: =SUM(B39:K39) -> 29 | O39: 11 | P39: TAPAS KR DE | Q39: =SUM(COUNTIFS(North!C:C,"lpm",North!L:L,"TAPAS KR DE"),COUNTIFS(KOAA!C:C,"lpm",KOAA!L:L,"TAPAS KR DE"),COUNTIFS(South!C:C,"lpm",South!L:L,"TAPAS KR DE"),COUNTIFS(DDJ!C:C,"lpm",DDJ!L:L,"TAPAS KR DE"),COUNTIFS(BT!C:C,"lpm",BT!L:L,"TAPAS KR DE"),COUNTIFS(NH!C:C,"lpm",NH!L:L,"TAPAS KR DE"),COUNTIFS(CONV!C:C,"LPM",CONV!L:L,"TAPAS KR DE")) -> 0 | R39: =SUM(COUNTIFS(North!C:C,"lpp(loco)",North!L:L,"TAPAS KR DE"),COUNTIFS(KOAA!C:C,"lpp(loco)",KOAA!L:L,"TAPAS KR DE"),COUNTIFS(South!C:C,"lpp(loco)",South!L:L,"TAPAS KR DE"),COUNTIFS(DDJ!C:C,"lpp(loco)",DDJ!L:L,"TAPAS KR DE"),COUNTIFS(BT!C:C,"lpp(loco)",BT!L:L,"TAPAS KR DE"),COUNTIFS(NH!C:C,"lpp(loco)",NH!L:L,"TAPAS KR DE"),COUNTIFS(CONV!C:C,"LPP(LOCO)",CONV!L:L,"TAPAS KR DE")) -> 0 | S39: =SUM(COUNTIFS(North!C:C,"motorman",North!L:L,"TAPAS KR DE"),COUNTIFS(KOAA!C:C,"motorman",KOAA!L:L,"TAPAS KR DE"),COUNTIFS(South!C:C,"motorman",South!L:L,"TAPAS KR DE"),COUNTIFS(DDJ!C:C,"motorman",DDJ!L:L,"TAPAS KR DE"),COUNTIFS(BT!C:C,"motorman",BT!L:L,"TAPAS KR DE"),COUNTIFS(NH!C:C,"motorman",NH!L:L,"TAPAS KR DE"),COUNTIFS(CONV!C:C,"MOTORMAN",CONV!L:L,"TAPAS KR DE"),COUNTIFS(RHA!C:C,"motorman",RHA!L:L,"TAPAS KR DE")) -> 36 | T39: =SUM(COUNTIFS(North!C:C,"lpg",North!L:L,"TAPAS KR DE"),COUNTIFS(KOAA!C:C,"lpg",KOAA!L:L,"TAPAS KR DE"),COUNTIFS(South!C:C,"lpg",South!L:L,"TAPAS KR DE"),COUNTIFS(DDJ!C:C,"lpg",DDJ!L:L,"TAPAS KR DE"),COUNTIFS(BT!C:C,"lpg",BT!L:L,"TAPAS KR DE"),COUNTIFS(NH!C:C,"lpg",NH!L:L,"TAPAS KR DE"),COUNTIFS(CONV!C:C,"LPG",CONV!L:L,"TAPAS KR DE",CONV!R:R,"Elect"),COUNTIFS(RHA!C:C,"LPG",RHA!L:L,"TAPAS KR DE")) -> 11 | U39: =SUM(COUNTIFS(North!C:C,"lps",North!L:L,"TAPAS KR DE"),COUNTIFS(KOAA!C:C,"lps",KOAA!L:L,"TAPAS KR DE"),COUNTIFS(South!C:C,"lps",South!L:L,"TAPAS KR DE"),COUNTIFS(DDJ!C:C,"lps",DDJ!L:L,"TAPAS KR DE"),COUNTIFS(BT!C:C,"lps",BT!L:L,"TAPAS KR DE"),COUNTIFS(NH!C:C,"lps",NH!L:L,"TAPAS KR DE"),COUNTIFS(CONV!C:C,"LPS",CONV!L:L,"TAPAS KR DE",CONV!R:R,"Elect"),COUNTIFS(RHA!C:C,"LPS",RHA!L:L,"TAPAS KR DE")) -> 6 | V39: =SUM(COUNTIFS(North!C:C,"alp",North!L:L,"TAPAS KR DE"),COUNTIFS(KOAA!C:C,"alp",KOAA!L:L,"TAPAS KR DE"),COUNTIFS(South!C:C,"alp",South!L:L,"TAPAS KR DE"),COUNTIFS(DDJ!C:C,"alp",DDJ!L:L,"TAPAS KR DE"),COUNTIFS(BT!C:C,"alp",BT!L:L,"TAPAS KR DE"),COUNTIFS(NH!C:C,"alp",NH!L:L,"TAPAS KR DE"),COUNTIFS(CONV!C:C,"ALP",CONV!L:L,"TAPAS KR DE"),COUNTIFS(RHA!C:C,"ALP",RHA!L:L,"TAPAS KR DE")) -> 17 | W39: 0 | X39: =SUM(Q39:W39) -> 70 | Y39: =SUM(Q39:T39) -> 47
A40: Motorman | B40: =COUNTIFS(North!C:C,"MOTORMAN",North!N:N,"<="&C37) -> 42 | C40: =COUNTIFS(South!C:C,"MOTORMAN",South!N:N,"<="&C37) -> 33 | D40: =COUNTIFS(KOAA!C:C,"MOTORMAN",KOAA!N:N,"<="&C37) -> 0 | E40: =COUNTIFS(DDJ!C:C,"MOTORMAN",DDJ!N:N,"<="&C37) -> 0 | F40: =COUNTIFS(NH!C:C,"MOTORMAN",NH!N:N,"<="&C37) -> 41 | G40: =COUNTIFS(BT!C:C,"MOTORMAN",BT!N:N,"<="&C37) -> 28 | H40: =COUNTIFS(RHA!C:C,"MOTORMAN",RHA!N:N,"<="&C37) -> 7 | I40: 0 | J40: 0 | K40: 0 | L40: =SUM(B40:K40) -> 151 | O40: 12 | P40: A T KHAN | Q40: =SUM(COUNTIFS(North!C:C,"lpm",North!L:L,"A T KHAN"),COUNTIFS(KOAA!C:C,"lpm",KOAA!L:L,"A T KHAN"),COUNTIFS(South!C:C,"lpm",South!L:L,"A T KHAN"),COUNTIFS(DDJ!C:C,"lpm",DDJ!L:L,"A T KHAN"),COUNTIFS(BT!C:C,"lpm",BT!L:L,"A T KHAN"),COUNTIFS(NH!C:C,"lpm",NH!L:L,"A T KHAN"),COUNTIFS(CONV!C:C,"LPM",CONV!L:L,"A T KHAN")) -> 1 | R40: =SUM(COUNTIFS(North!C:C,"lpp(loco)",North!L:L,"A T KHAN"),COUNTIFS(KOAA!C:C,"lpp(loco)",KOAA!L:L,"A T KHAN"),COUNTIFS(South!C:C,"lpp(loco)",South!L:L,"A T KHAN"),COUNTIFS(DDJ!C:C,"lpp(loco)",DDJ!L:L,"A T KHAN"),COUNTIFS(BT!C:C,"lpp(loco)",BT!L:L,"SUBHASIS MAITY"),COUNTIFS(NH!C:C,"lpp(loco)",NH!L:L,"A T KHAN"),COUNTIFS(CONV!C:C,"LPP(LOCO)",CONV!L:L,"A T KHAN")) -> 0 | S40: =SUM(COUNTIFS(North!C:C,"motorman",North!L:L,"A T KHAN"),COUNTIFS(KOAA!C:C,"motorman",KOAA!L:L,"A T KHAN"),COUNTIFS(South!C:C,"motorman",South!L:L,"A T KHAN"),COUNTIFS(DDJ!C:C,"motorman",DDJ!L:L,"A T KHAN"),COUNTIFS(BT!C:C,"motorman",BT!L:L,"A T KHAN"),COUNTIFS(NH!C:C,"motorman",NH!L:L,"A T KHAN"),COUNTIFS(CONV!C:C,"MOTORMAN",CONV!L:L,"A T KHAN"),COUNTIFS(RHA!C:C,"MOTORMAN",RHA!L:L,"A T KHAN")) -> 36 | T40: =SUM(COUNTIFS(North!C:C,"lpg",North!L:L,"A T KHAN"),COUNTIFS(KOAA!C:C,"lpg",KOAA!L:L,"A T KHAN"),COUNTIFS(South!C:C,"lpg",South!L:L,"A T KHAN"),COUNTIFS(DDJ!C:C,"lpg",DDJ!L:L,"A T KHAN"),COUNTIFS(BT!C:C,"lpg",BT!L:L,"A T KHAN"),COUNTIFS(NH!C:C,"lpg",NH!L:L,"A T KHAN"),COUNTIFS(CONV!C:C,"LPG",CONV!L:L,"A T KHAN",CONV!R:R,"Elect"),COUNTIFS(RHA!C:C,"LPG",RHA!L:L,"A T KHAN")) -> 10 | U40: =SUM(COUNTIFS(North!C:C,"lps",North!L:L,"A T KHAN"),COUNTIFS(KOAA!C:C,"lps",KOAA!L:L,"A T KHAN"),COUNTIFS(South!C:C,"lps",South!L:L,"A T KHAN"),COUNTIFS(DDJ!C:C,"lps",DDJ!L:L,"A T KHAN"),COUNTIFS(BT!C:C,"lps",BT!L:L,"A T KHAN"),COUNTIFS(NH!C:C,"lps",NH!L:L,"A T KHAN"),COUNTIFS(CONV!C:C,"LPS",CONV!L:L,"A T KHAN",CONV!R:R,"Elect"),COUNTIFS(RHA!C:C,"LPS",RHA!L:L,"A T KHAN")) -> 7 | V40: =SUM(COUNTIFS(North!C:C,"alp",North!L:L,"A T KHAN"),COUNTIFS(KOAA!C:C,"alp",KOAA!L:L,"A T KHAN"),COUNTIFS(South!C:C,"alp",South!L:L,"A T KHAN"),COUNTIFS(DDJ!C:C,"alp",DDJ!L:L,"A T KHAN"),COUNTIFS(BT!C:C,"alp",BT!L:L,"A T KHAN"),COUNTIFS(NH!C:C,"alp",NH!L:L,"A T KHAN"),COUNTIFS(CONV!C:C,"ALP",CONV!L:L,"A T KHAN"),COUNTIFS(RHA!C:C,"ALP",RHA!L:L,"A T KHAN")) -> 14 | W40: 0 | X40: =SUM(Q40:W40) -> 68 | Y40: =SUM(Q40:T40) -> 47
A41: LPP(Loco) | B41: =COUNTIFS(North!C:C,"LPP(LOCO)",North!N:N,"<="&C37) -> 5 | C41: =COUNTIFS(South!C:C,"LPP(LOCO)",South!N:N,"<="&C37) -> 0 | D41: =COUNTIFS(KOAA!C:C,"LPP(LOCO)",KOAA!N:N,"<="&C37) -> 0 | E41: =COUNTIFS(DDJ!C:C,"LPP(LOCO)",DDJ!N:N,"<="&C37) -> 0 | F41: =COUNTIFS(NH!C:C,"LPP(LOCO)",NH!N:N,"<="&C37) -> 0 | G41: =COUNTIFS(BT!C:C,"LPP(LOCO)",BT!N:N,"<="&C37) -> 0 | H41: =COUNTIFS(RHA!C:C,"LPP(LOCO)",RHA!N:N,"<="&C37) -> 0 | I41: 0 | J41: 0 | K41: 0 | L41: =SUM(B41:K41) -> 5 | O41: 13 | P41: SUSOVAN KAR | Q41: =SUM(COUNTIFS(North!C:C,"lpm",North!L:L,"SUSOVAN KAR"),COUNTIFS(KOAA!C:C,"lpm",KOAA!L:L,"SUSOVAN KAR"),COUNTIFS(South!C:C,"lpm",South!L:L,"SUSOVAN KAR"),COUNTIFS(DDJ!C:C,"lpm",DDJ!L:L,"SUSOVAN KAR"),COUNTIFS(BT!C:C,"lpm",BT!L:L,"SUSOVAN KAR"),COUNTIFS(NH!C:C,"lpm",NH!L:L,"SUSOVAN KAR"),COUNTIFS(CONV!C:C,"LPM",CONV!L:L,"SUSOVAN KAR")) -> 0 | R41: =SUM(COUNTIFS(North!C:C,"lpp(loco)",North!L:L,"SUSOVAN KAR"),COUNTIFS(KOAA!C:C,"lpp(loco)",KOAA!L:L,"SUSOVAN KAR"),COUNTIFS(South!C:C,"lpp(loco)",South!L:L,"SUSOVAN KAR"),COUNTIFS(DDJ!C:C,"lpp(loco)",DDJ!L:L,"SUSOVAN KAR"),COUNTIFS(BT!C:C,"lpp(loco)",BT!L:L,"SUSOVAN KAR"),COUNTIFS(NH!C:C,"lpp(loco)",NH!L:L,"SUSOVAN KAR"),COUNTIFS(CONV!C:C,"LPP(LOCO)",CONV!L:L,"SUSOVAN KAR")) -> 0 | S41: =SUM(COUNTIFS(North!C:C,"motorman",North!L:L,"SUSOVAN KAR"),COUNTIFS(KOAA!C:C,"motorman",KOAA!L:L,"SUSOVAN KAR"),COUNTIFS(South!C:C,"motorman",South!L:L,"SUSOVAN KAR"),COUNTIFS(DDJ!C:C,"motorman",DDJ!L:L,"SUSOVAN KAR"),COUNTIFS(BT!C:C,"motorman",BT!L:L,"SUSOVAN KAR"),COUNTIFS(NH!C:C,"motorman",NH!L:L,"SUSOVAN KAR"),COUNTIFS(CONV!C:C,"MOTORMAN",CONV!L:L,"susovan kar"),COUNTIFS(RHA!C:C,"MOTORMAN",RHA!L:L,"SUSOVAN KAR")) -> 36 | T41: =SUM(COUNTIFS(North!C:C,"lpg",North!L:L,"SUSOVAN KAR"),COUNTIFS(KOAA!C:C,"lpg",KOAA!L:L,"SUSOVAN KAR"),COUNTIFS(South!C:C,"lpg",South!L:L,"SUSOVAN KAR"),COUNTIFS(DDJ!C:C,"lpg",DDJ!L:L,"SUSOVAN KAR"),COUNTIFS(BT!C:C,"lpg",BT!L:L,"SUSOVAN KAR"),COUNTIFS(NH!C:C,"lpg",NH!L:L,"SUSOVAN KAR"),COUNTIFS(CONV!C:C,"LPG",CONV!L:L,"SUSOVAN KAR",CONV!R:R,"Elect"),COUNTIFS(RHA!C:C,"LPG",RHA!L:L,"SUSOVAN KAR")) -> 10 | U41: =SUM(COUNTIFS(North!C:C,"lps",North!L:L,"SUSOVAN KAR"),COUNTIFS(KOAA!C:C,"lps",KOAA!L:L,"SUSOVAN KAR"),COUNTIFS(South!C:C,"lps",South!L:L,"SUSOVAN KAR"),COUNTIFS(DDJ!C:C,"lps",DDJ!L:L,"SUSOVAN KAR"),COUNTIFS(BT!C:C,"lps",BT!L:L,"SUSOVAN KAR"),COUNTIFS(NH!C:C,"lps",NH!L:L,"SUSOVAN KAR"),COUNTIFS(CONV!C:C,"LPS",CONV!L:L,"SUSOVAN KAR",CONV!R:R,"Elect"),COUNTIFS(RHA!C:C,"LPS",RHA!L:L,"SUSOVAN KAR")) -> 6 | V41: =SUM(COUNTIFS(North!C:C,"alp",North!L:L,"SUSOVAN KAR"),COUNTIFS(KOAA!C:C,"alp",KOAA!L:L,"SUSOVAN KAR"),COUNTIFS(South!C:C,"alp",South!L:L,"SUSOVAN KAR"),COUNTIFS(DDJ!C:C,"alp",DDJ!L:L,"SUSOVAN KAR"),COUNTIFS(BT!C:C,"alp",BT!L:L,"SUSOVAN KAR"),COUNTIFS(NH!C:C,"alp",NH!L:L,"SUSOVAN KAR"),COUNTIFS(CONV!C:C,"ALP",CONV!L:L,"SUSOVAN KAR"),COUNTIFS(RHA!C:C,"ALP",RHA!L:L,"SUSOVAN KAR")) -> 15 | W41: 0 | X41: =SUM(Q41:W41) -> 67 | Y41: =SUM(Q41:T41) -> 46
A42: LPG | B42: =COUNTIFS(North!C:C,"LPG",North!N:N,"<="&C37) -> 2 | C42: =COUNTIFS(South!C:C,"LPG",South!N:N,"<="&C37) -> 1 | D42: =COUNTIFS(KOAA!C:C,"LPG",KOAA!N:N,"<="&C37) -> 0 | E42: =COUNTIFS(DDJ!C:C,"LPG",DDJ!N:N,"<="&C37) -> 17 | F42: =COUNTIFS(NH!C:C,"LPG",NH!N:N,"<="&C37) -> 2 | G42: =COUNTIFS(BT!C:C,"LPG",BT!N:N,"<="&C37) -> 0 | H42: =COUNTIFS(RHA!C:C,"LPG",RHA!N:N,"<="&C37) -> 1 | I42: 0 | J42: 0 | K42: 0 | L42: =SUM(B42:K42) -> 23 | O42: 14 | P42: TAMOJIT NANDY | Q42: =SUM(COUNTIFS(North!C:C,"lpm",North!L:L,"TAMOJIT NANDY"),COUNTIFS(KOAA!C:C,"lpm",KOAA!L:L,"TAMOJIT NANDY"),COUNTIFS(South!C:C,"lpm",South!L:L,"TAMOJIT NANDY"),COUNTIFS(DDJ!C:C,"lpm",DDJ!L:L,"TAMOJIT NANDY"),COUNTIFS(BT!C:C,"lpm",BT!L:L,"TAMOJIT NANDY"),COUNTIFS(NH!C:C,"lpm",NH!L:L,"TAMOJIT NANDY"),COUNTIFS(CONV!C:C,"LPM",CONV!L:L,"TAMOJIT NANDY")) -> 0 | R42: =SUM(COUNTIFS(North!C:C,"lpp(loco)",North!L:L,"TAMOJIT NANDY"),COUNTIFS(KOAA!C:C,"lpp(loco)",KOAA!L:L,"TAMOJIT NANDY"),COUNTIFS(South!C:C,"lpp(loco)",South!L:L,"TAMOJIT NANDY"),COUNTIFS(DDJ!C:C,"lpp(loco)",DDJ!L:L,"TAMOJIT NANDY"),COUNTIFS(BT!C:C,"lpp(loco)",BT!L:L,"TAMOJIT NANDY"),COUNTIFS(NH!C:C,"lpp(loco)",NH!L:L,"TAMOJIT NANDY"),COUNTIFS(CONV!C:C,"LPP(LOCO)",CONV!L:L,"TAMOJIT NANDY")) -> 0 | S42: =SUM(COUNTIFS(North!C:C,"motorman",North!L:L,"TAMOJIT NANDY"),COUNTIFS(KOAA!C:C,"motorman",KOAA!L:L,"TAMOJIT NANDY"),COUNTIFS(South!C:C,"motorman",South!L:L,"TAMOJIT NANDY"),COUNTIFS(DDJ!C:C,"motorman",DDJ!L:L,"TAMOJIT NANDY"),COUNTIFS(BT!C:C,"motorman",BT!L:L,"TAMOJIT NANDY"),COUNTIFS(NH!C:C,"motorman",NH!L:L,"TAMOJIT NANDY"),COUNTIFS(CONV!C:C,"MOTORMAN",CONV!L:L,"TAMOJIT NANDY"),COUNTIFS(RHA!C:C,"MOTORMAN",RHA!L:L,"TAMOJIT NANDY")) -> 0 | T42: =SUM(COUNTIFS(North!C:C,"lpg",North!L:L,"TAMOJIT NANDY"),COUNTIFS(KOAA!C:C,"lpg",KOAA!L:L,"TAMOJIT NANDY"),COUNTIFS(South!C:C,"lpg",South!L:L,"TAMOJIT NANDY"),COUNTIFS(DDJ!C:C,"lpg",DDJ!L:L,"TAMOJIT NANDY"),COUNTIFS(BT!C:C,"lpg",BT!L:L,"TAMOJIT NANDY"),COUNTIFS(NH!C:C,"lpg",NH!L:L,"TAMOJIT NANDY"),COUNTIFS(CONV!C:C,"LPG",CONV!L:L,"TAMOJIT NANDY"),COUNTIFS(RHA!C:C,"LPG",RHA!L:L,"TAMOJIT NANDY")) -> 36 | U42: =SUM(COUNTIFS(North!C:C,"lps",North!L:L,"TAMOJIT NANDY"),COUNTIFS(KOAA!C:C,"lps",KOAA!L:L,"TAMOJIT NANDY"),COUNTIFS(South!C:C,"lps",South!L:L,"TAMOJIT NANDY"),COUNTIFS(DDJ!C:C,"lps",DDJ!L:L,"TAMOJIT NANDY"),COUNTIFS(BT!C:C,"lps",BT!L:L,"TAMOJIT NANDY"),COUNTIFS(NH!C:C,"lps",NH!L:L,"TAMOJIT NANDY"),COUNTIFS(CONV!C:C,"LPS",CONV!L:L,"TAMOJIT NANDY"),COUNTIFS(RHA!C:C,"LPS",RHA!L:L,"TAMOJIT NANDY")) -> 8 | V42: =SUM(COUNTIFS(North!C:C,"alp",North!L:L,"TAMOJIT NANDY"),COUNTIFS(KOAA!C:C,"alp",KOAA!L:L,"TAMOJIT NANDY"),COUNTIFS(South!C:C,"alp",South!L:L,"TAMOJIT NANDY"),COUNTIFS(DDJ!C:C,"alp",DDJ!L:L,"TAMOJIT NANDY"),COUNTIFS(BT!C:C,"alp",BT!L:L,"TAMOJIT NANDY"),COUNTIFS(NH!C:C,"alp",NH!L:L,"TAMOJIT NANDY"),COUNTIFS(CONV!C:C,"ALP",CONV!L:L,"TAMOJIT NANDY"),COUNTIFS(RHA!C:C,"ALP",RHA!L:L,"TAMOJIT NANDY")) -> 17 | W42: 0 | X42: =SUM(Q42:W42) -> 61 | Y42: =SUM(Q42:T42) -> 36
A43: LPS | B43: =COUNTIFS(North!C:C,"LPS",North!N:N,"<="&C37) -> 8 | C43: =COUNTIFS(South!C:C,"LPS",South!N:N,"<="&C37) -> 12 | D43: =COUNTIFS(KOAA!C:C,"LPS",KOAA!N:N,"<="&C37) -> 7 | E43: =COUNTIFS(DDJ!C:C,"LPS",DDJ!N:N,"<="&C37) -> 1 | F43: =COUNTIFS(NH!C:C,"LPS",NH!N:N,"<="&C37) -> 3 | G43: =COUNTIFS(BT!C:C,"LPS",BT!N:N,"<="&C37) -> 5 | H43: =COUNTIFS(RHA!C:C,"LPS",RHA!N:N,"<="&C37) -> 0 | I43: 0 | J43: 0 | K43: 0 | L43: =SUM(B43:K43) -> 36 | O43: 15 | P43: SUMIT BHATTACHARJEE | Q43: =SUM(COUNTIFS(North!C:C,"lpm",North!L:L,"SUMIT BHATTACHARJEE"),COUNTIFS(KOAA!C:C,"lpm",KOAA!L:L,"SUMIT BHATTACHARJEE"),COUNTIFS(South!C:C,"lpm",South!L:L,"SUMIT BHATTACHARJEE"),COUNTIFS(DDJ!C:C,"lpm",DDJ!L:L,"SUMIT BHATTACHARJEE"),COUNTIFS(BT!C:C,"lpm",BT!L:L,"SUMIT BHATTACHARJEE"),COUNTIFS(NH!C:C,"lpm",NH!L:L,"SUMIT BHATTACHARJEE"),COUNTIFS(CONV!C:C,"LPM",CONV!L:L,"SUMIT BHATTACHARJEE")) -> 0 | R43: =SUM(COUNTIFS(North!C:C,"lpp(loco)",North!L:L,"SUMIT BHATTACHARJEE"),COUNTIFS(KOAA!C:C,"lpp(loco)",KOAA!L:L,"SUMIT BHATTACHARJEE"),COUNTIFS(South!C:C,"lpp(loco)",South!L:L,"SUMIT BHATTACHARJEE"),COUNTIFS(DDJ!C:C,"lpp(loco)",DDJ!L:L,"SUMIT BHATTACHARJEE"),COUNTIFS(BT!C:C,"lpp(loco)",BT!L:L,"SUMIT BHATTACHARJEE"),COUNTIFS(NH!C:C,"lpp(loco)",NH!L:L,"SUMIT BHATTACHARJEE"),COUNTIFS(CONV!C:C,"LPP(LOCO)",CONV!L:L,"SUMIT BHATTACHARJEE")) -> 0 | S43: =SUM(COUNTIFS(North!C:C,"motorman",North!L:L,"SUMIT BHATTACHARJEE"),COUNTIFS(KOAA!C:C,"motorman",KOAA!L:L,"SUMIT BHATTACHARJEE"),COUNTIFS(South!C:C,"motorman",South!L:L,"SUMIT BHATTACHARJEE"),COUNTIFS(DDJ!C:C,"motorman",DDJ!L:L,"SUMIT BHATTACHARJEE"),COUNTIFS(BT!C:C,"motorman",BT!L:L,"SUMIT BHATTACHARJEE"),COUNTIFS(NH!C:C,"motorman",NH!L:L,"SUMIT BHATTACHARJEE"),COUNTIFS(CONV!C:C,"MOTORMAN",CONV!L:L,"SUMIT BHATTACHARJEE"),COUNTIFS(RHA!C:C,"MOTORMAN",RHA!L:L,"SUMIT BHATTACHARJEE")) -> 0 | T43: =SUM(COUNTIFS(North!C:C,"lpg",North!L:L,"SUMIT BHATTACHARJEE"),COUNTIFS(KOAA!C:C,"lpg",KOAA!L:L,"SUMIT BHATTACHARJEE"),COUNTIFS(South!C:C,"lpg",South!L:L,"SUMIT BHATTACHARJEE"),COUNTIFS(DDJ!C:C,"lpg",DDJ!L:L,"SUMIT BHATTACHARJEE"),COUNTIFS(BT!C:C,"lpg",BT!L:L,"SUMIT BHATTACHARJEE"),COUNTIFS(NH!C:C,"lpg",NH!L:L,"SUMIT BHATTACHARJEE"),COUNTIFS(CONV!C:C,"LPG",CONV!L:L,"SUMIT BHATTACHARJEE"),COUNTIFS(RHA!C:C,"LPG",RHA!L:L,"SUMIT BHATTACHARJEE")) -> 36 | U43: =SUM(COUNTIFS(North!C:C,"lps",North!L:L,"SUMIT BHATTACHARJEE"),COUNTIFS(KOAA!C:C,"lps",KOAA!L:L,"SUMIT BHATTACHARJEE"),COUNTIFS(South!C:C,"lps",South!L:L,"SUMIT BHATTACHARJEE"),COUNTIFS(DDJ!C:C,"lps",DDJ!L:L,"SUMIT BHATTACHARJEE"),COUNTIFS(BT!C:C,"lps",BT!L:L,"SUMIT BHATTACHARJEE"),COUNTIFS(NH!C:C,"lps",NH!L:L,"SUMIT BHATTACHARJEE"),COUNTIFS(CONV!C:C,"LPS",CONV!L:L,"SUMIT BHATTACHARJEE"),COUNTIFS(RHA!C:C,"LPS",RHA!L:L,"SUMIT BHATTACHARJEE")) -> 8 | V43: =SUM(COUNTIFS(North!C:C,"alp",North!L:L,"SUMIT BHATTACHARJEE"),COUNTIFS(KOAA!C:C,"alp",KOAA!L:L,"SUMIT BHATTACHARJEE"),COUNTIFS(South!C:C,"alp",South!L:L,"SUMIT BHATTACHARJEE"),COUNTIFS(DDJ!C:C,"alp",DDJ!L:L,"SUMIT BHATTACHARJEE"),COUNTIFS(BT!C:C,"alp",BT!L:L,"SUMIT BHATTACHARJEE"),COUNTIFS(NH!C:C,"alp",NH!L:L,"SUMIT BHATTACHARJEE"),COUNTIFS(CONV!C:C,"ALP",CONV!L:L,"SUMIT BHATTACHARJEE"),COUNTIFS(RHA!C:C,"ALP",RHA!L:L,"SUMIT BHATTACHARJEE")) -> 21 | W43: 0 | X43: =SUM(Q43:W43) -> 65 | Y43: =SUM(Q43:T43) -> 36
A44: ALP | B44: =COUNTIFS(North!C:C,"ALP",North!N:N,"<="&C37) -> 3 | C44: =COUNTIFS(South!C:C,"ALP",South!N:N,"<="&C37) -> 0 | D44: =COUNTIFS(KOAA!C:C,"ALP",KOAA!N:N,"<="&C37) -> 0 | E44: =COUNTIFS(DDJ!C:C,"ALP",DDJ!N:N,"<="&C37) -> 1 | F44: =COUNTIFS(NH!C:C,"ALP",NH!N:N,"<="&C37) -> 0 | G44: =COUNTIFS(BT!C:C,"ALP",BT!N:N,"<="&C37) -> 0 | H44: =COUNTIFS(RHA!C:C,"ALP",RHA!N:N,"<="&C37) -> 0 | I44: 0 | J44: 0 | K44: 0 | L44: =SUM(B44:K44) -> 4 | O44: 16 | P44: SUBRATA SAHA | Q44: =SUM(COUNTIFS(North!C:C,"lpm",North!L:L,"SUBRATA SAHA"),COUNTIFS(KOAA!C:C,"lpm",KOAA!L:L,"SUBRATA SAHA"),COUNTIFS(South!C:C,"lpm",South!L:L,"SUBRATA SAHA"),COUNTIFS(DDJ!C:C,"lpm",DDJ!L:L,"SUBRATA SAHA"),COUNTIFS(BT!C:C,"lpm",BT!L:L,"SUBRATA SAHA"),COUNTIFS(NH!C:C,"lpm",NH!L:L,"SUBRATA SAHA"),COUNTIFS(CONV!C:C,"LPM",CONV!L:L,"SUBRATA SAHA")) -> 0 | R44: =SUM(COUNTIFS(North!C:C,"lpp(loco)",North!L:L,"SUBRATA SAHA"),COUNTIFS(KOAA!C:C,"lpp(loco)",KOAA!L:L,"SUBRATA SAHA"),COUNTIFS(South!C:C,"lpp(loco)",South!L:L,"SUBRATA SAHA"),COUNTIFS(DDJ!C:C,"lpp(loco)",DDJ!L:L,"SUBRATA SAHA"),COUNTIFS(BT!C:C,"lpp(loco)",BT!L:L,"SUBRATA SAHA"),COUNTIFS(NH!C:C,"lpp(loco)",NH!L:L,"SUBRATA SAHA"),COUNTIFS(CONV!C:C,"LPP(LOCO)",CONV!L:L,"SUBRATA SAHA")) -> 0 | S44: =SUM(COUNTIFS(North!C:C,"motorman",North!L:L,"SUBRATA SAHA"),COUNTIFS(KOAA!C:C,"motorman",KOAA!L:L,"SUBRATA SAHA"),COUNTIFS(South!C:C,"motorman",South!L:L,"SUBRATA SAHA"),COUNTIFS(DDJ!C:C,"motorman",DDJ!L:L,"SUBRATA SAHA"),COUNTIFS(BT!C:C,"motorman",BT!L:L,"SUBRATA SAHA"),COUNTIFS(NH!C:C,"motorman",NH!L:L,"SUBRATA SAHA"),COUNTIFS(CONV!C:C,"MOTORMAN",CONV!L:L,"SUBRATA SAHA"),COUNTIFS(RHA!C:C,"MOTORMAN",RHA!L:L,"SUBRATA SAHA")) -> 0 | T44: =SUM(COUNTIFS(North!C:C,"lpg",North!L:L,"SUBRATA SAHA"),COUNTIFS(KOAA!C:C,"lpg",KOAA!L:L,"SUBRATA SAHA"),COUNTIFS(South!C:C,"lpg",South!L:L,"SUBRATA SAHA"),COUNTIFS(DDJ!C:C,"lpg",DDJ!L:L,"SUBRATA SAHA"),COUNTIFS(BT!C:C,"lpg",BT!L:L,"SUBRATA SAHA"),COUNTIFS(NH!C:C,"lpg",NH!L:L,"SUBRATA SAHA"),COUNTIFS(CONV!C:C,"LPG",CONV!L:L,"SUBRATA SAHA"),COUNTIFS(RHA!C:C,"LPG",RHA!L:L,"SUBRATA SAHA")) -> 38 | U44: =SUM(COUNTIFS(North!C:C,"lps",North!L:L,"SUBRATA SAHA"),COUNTIFS(KOAA!C:C,"lps",KOAA!L:L,"SUBRATA SAHA"),COUNTIFS(South!C:C,"lps",South!L:L,"SUBRATA SAHA"),COUNTIFS(DDJ!C:C,"lps",DDJ!L:L,"SUBRATA SAHA"),COUNTIFS(BT!C:C,"lps",BT!L:L,"SUBRATA SAHA"),COUNTIFS(NH!C:C,"lps",NH!L:L,"SUBRATA SAHA"),COUNTIFS(CONV!C:C,"LPS",CONV!L:L,"SUBRATA SAHA"),COUNTIFS(RHA!C:C,"LPS",RHA!L:L,"SUBRATA SAHA")) -> 7 | V44: =SUM(COUNTIFS(North!C:C,"alp",North!L:L,"SUBRATA SAHA"),COUNTIFS(KOAA!C:C,"alp",KOAA!L:L,"SUBRATA SAHA"),COUNTIFS(South!C:C,"alp",South!L:L,"SUBRATA SAHA"),COUNTIFS(DDJ!C:C,"alp",DDJ!L:L,"SUBRATA SAHA"),COUNTIFS(BT!C:C,"alp",BT!L:L,"SUBRATA SAHA"),COUNTIFS(NH!C:C,"alp",NH!L:L,"SUBRATA SAHA"),COUNTIFS(CONV!C:C,"ALP",CONV!L:L,"SUBRATA SAHA"),COUNTIFS(RHA!C:C,"ALP",RHA!L:L,"SUBRATA SAHA")) -> 16 | W44: 0 | X44: =SUM(Q44:W44) -> 61 | Y44: =SUM(Q44:T44) -> 38
A45: Total | B45: =SUM(B39:B44) -> 75 | C45: =SUM(C39:C44) -> 46 | D45: =SUM(D39:D44) -> 21 | E45: =SUM(E39:E44) -> 19 | F45: =SUM(F39:F44) -> 46 | G45: =SUM(G39:G44) -> 33 | H45: =SUM(H39:H44) -> 8 | I45: =SUM(I39:I44) -> 0 | ... K45: =SUM(K39:K44) -> 0 | L45: =SUM(B45:K45) -> 248 | O45: 17 | P45: SOUBHAGYA SARDAR | Q45: =SUM(COUNTIFS(North!C:C,"lpm",North!L:L,"SOUBHAGYA SARDAR"),COUNTIFS(KOAA!C:C,"lpm",KOAA!L:L,"SOUBHAGYA SARDAR"),COUNTIFS(South!C:C,"lpm",South!L:L,"SOUBHAGYA SARDAR"),COUNTIFS(DDJ!C:C,"lpm",DDJ!L:L,"SOUBHAGYA SARDAR"),COUNTIFS(BT!C:C,"lpm",BT!L:L,"SOUBHAGYA SARDAR"),COUNTIFS(NH!C:C,"lpm",NH!L:L,"SOUBHAGYA SARDAR"),COUNTIFS(CONV!C:C,"LPM",CONV!L:L,"SOUBHAGYA SARDAR")) -> 0 | R45: =SUM(COUNTIFS(North!C:C,"lpp(loco)",North!L:L,"SOUBHAGYA SARDAR"),COUNTIFS(KOAA!C:C,"lpp(loco)",KOAA!L:L,"SOUBHAGYA SARDAR"),COUNTIFS(South!C:C,"lpp(loco)",South!L:L,"SOUBHAGYA SARDAR"),COUNTIFS(DDJ!C:C,"lpp(loco)",DDJ!L:L,"SOUBHAGYA SARDAR"),COUNTIFS(BT!C:C,"lpp(loco)",BT!L:L,"SOUBHAGYA SARDAR"),COUNTIFS(NH!C:C,"lpp(loco)",NH!L:L,"SOUBHAGYA SARDAR"),COUNTIFS(CONV!C:C,"LPP(LOCO)",CONV!L:L,"SOUBHAGYA SARDAR")) -> 0 | S45: =SUM(COUNTIFS(North!C:C,"motorman",North!L:L,"SOUBHAGYA SARDAR"),COUNTIFS(KOAA!C:C,"motorman",KOAA!L:L,"SOUBHAGYA SARDAR"),COUNTIFS(South!C:C,"motorman",South!L:L,"SOUBHAGYA SARDAR"),COUNTIFS(DDJ!C:C,"motorman",DDJ!L:L,"SOUBHAGYA SARDAR"),COUNTIFS(BT!C:C,"motorman",BT!L:L,"SOUBHAGYA SARDAR"),COUNTIFS(NH!C:C,"motorman",NH!L:L,"SOUBHAGYA SARDAR"),COUNTIFS(CONV!C:C,"MOTORMAN",CONV!L:L,"SOUBHAGYA SARDAR"),COUNTIFS(RHA!C:C,"MOTORMAN",RHA!L:L,"SOUBHAGYA SARDAR")) -> 0 | T45: =SUM(COUNTIFS(North!C:C,"lpg",North!L:L,"SOUBHAGYA SARDAR"),COUNTIFS(KOAA!C:C,"lpg",KOAA!L:L,"SOUBHAGYA SARDAR"),COUNTIFS(South!C:C,"lpg",South!L:L,"SOUBHAGYA SARDAR"),COUNTIFS(DDJ!C:C,"lpg",DDJ!L:L,"SOUBHAGYA SARDAR"),COUNTIFS(BT!C:C,"lpg",BT!L:L,"SOUBHAGYA SARDAR"),COUNTIFS(NH!C:C,"lpg",NH!L:L,"SOUBHAGYA SARDAR"),COUNTIFS(CONV!C:C,"LPG",CONV!L:L,"SOUBHAGYA SARDAR"),COUNTIFS(RHA!C:C,"LPG",RHA!L:L,"SOUBHAGYA SARDAR")) -> 38 | U45: =SUM(COUNTIFS(North!C:C,"lps",North!L:L,"SOUBHAGYA SARDAR"),COUNTIFS(KOAA!C:C,"lps",KOAA!L:L,"SOUBHAGYA SARDAR"),COUNTIFS(South!C:C,"lps",South!L:L,"SOUBHAGYA SARDAR"),COUNTIFS(DDJ!C:C,"lps",DDJ!L:L,"SOUBHAGYA SARDAR"),COUNTIFS(BT!C:C,"lps",BT!L:L,"SOUBHAGYA SARDAR"),COUNTIFS(NH!C:C,"lps",NH!L:L,"SOUBHAGYA SARDAR"),COUNTIFS(CONV!C:C,"LPS",CONV!L:L,"SOUBHAGYA SARDAR"),COUNTIFS(RHA!C:C,"LPS",RHA!L:L,"SOUBHAGYA SARDAR")) -> 8 | V45: =SUM(COUNTIFS(North!C:C,"alp",North!L:L,"SOUBHAGYA SARDAR"),COUNTIFS(KOAA!C:C,"alp",KOAA!L:L,"SOUBHAGYA SARDAR"),COUNTIFS(South!C:C,"alp",South!L:L,"SOUBHAGYA SARDAR"),COUNTIFS(DDJ!C:C,"alp",DDJ!L:L,"SOUBHAGYA SARDAR"),COUNTIFS(BT!C:C,"alp",BT!L:L,"SOUBHAGYA SARDAR"),COUNTIFS(NH!C:C,"alp",NH!L:L,"SOUBHAGYA SARDAR"),COUNTIFS(CONV!C:C,"ALP",CONV!L:L,"SOUBHAGYA SARDAR"),COUNTIFS(RHA!C:C,"ALP",RHA!L:L,"SOUBHAGYA SARDAR")) -> 14 | W45: 0 | X45: =SUM(Q45:W45) -> 60 | Y45: =SUM(Q45:T45) -> 38
A46: CLI | B46: =COUNTIFS(SUPV!H43:H82,"<="&C37,SUPV!F43:F82,"CLI") -> 36 | C46: 0 | D46: 0 | E46: 0 | F46: 0 | G46: 0 | H46: 0 | I46: 0 | J46: 0 | K46: 0 | L46: =SUM(B46:K46) -> 36 | O46: 18 | P46: SUDIP ROY | Q46: =SUM(COUNTIFS(North!C:C,"lpm",North!L:L,"SUDIP ROY"),COUNTIFS(KOAA!C:C,"lpm",KOAA!L:L,"SUDIP ROY"),COUNTIFS(South!C:C,"lpm",South!L:L,"SUDIP ROY"),COUNTIFS(DDJ!C:C,"lpm",DDJ!L:L,"SUDIP ROY"),COUNTIFS(BT!C:C,"lpm",BT!L:L,"SUDIP ROY"),COUNTIFS(NH!C:C,"lpm",NH!L:L,"SUDIP ROY"),COUNTIFS(CONV!C:C,"LPM",CONV!L:L,"SUDIP ROY")) -> 13 | R46: =SUM(COUNTIFS(North!C:C,"lpp(loco)",North!L:L,"SUDIP ROY"),COUNTIFS(KOAA!C:C,"lpp(loco)",KOAA!L:L,"SUDIP ROY"),COUNTIFS(South!C:C,"lpp(loco)",South!L:L,"SUDIP ROY"),COUNTIFS(DDJ!C:C,"lpp(loco)",DDJ!L:L,"SUDIP ROY"),COUNTIFS(BT!C:C,"lpp(loco)",BT!L:L,"SUDIP ROY"),COUNTIFS(NH!C:C,"lpp(loco)",NH!L:L,"SUDIP ROY"),COUNTIFS(CONV!C:C,"LPP(LOCO)",CONV!L:L,"SUDIP ROY")) -> 3 | S46: =SUM(COUNTIFS(North!C:C,"motorman",North!L:L,"SUDIP ROY"),COUNTIFS(KOAA!C:C,"motorman",KOAA!L:L,"SUDIP ROY"),COUNTIFS(South!C:C,"motorman",South!L:L,"SUDIP ROY"),COUNTIFS(DDJ!C:C,"motorman",DDJ!L:L,"SUDIP ROY"),COUNTIFS(BT!C:C,"motorman",BT!L:L,"SUDIP ROY"),COUNTIFS(NH!C:C,"motorman",NH!L:L,"SUDIP ROY"),COUNTIFS(CONV!C:C,"MOTORMAN",CONV!L:L,"SUDIP ROY"),COUNTIFS(RHA!C:C,"MOTORMAN",RHA!L:L,"SUDIP ROY")) -> 10 | T46: =SUM(COUNTIFS(North!C:C,"lpg",North!L:L,"SUDIP ROY"),COUNTIFS(KOAA!C:C,"lpg",KOAA!L:L,"SUDIP ROY"),COUNTIFS(South!C:C,"lpg",South!L:L,"SUDIP ROY"),COUNTIFS(DDJ!C:C,"lpg",DDJ!L:L,"SUDIP ROY"),COUNTIFS(BT!C:C,"lpg",BT!L:L,"SUDIP ROY"),COUNTIFS(NH!C:C,"lpg",NH!L:L,"SUDIP ROY"),COUNTIFS(CONV!C:C,"LPG",CONV!L:L,"SUDIP ROY",CONV!R:R,"Elect"),COUNTIFS(RHA!C:C,"LPG",RHA!L:L,"SUDIP ROY")) -> 1 | U46: =SUM(COUNTIFS(North!C:C,"lps",North!L:L,"SUDIP ROY"),COUNTIFS(KOAA!C:C,"lps",KOAA!L:L,"SUDIP ROY"),COUNTIFS(South!C:C,"lps",South!L:L,"SUDIP ROY"),COUNTIFS(DDJ!C:C,"lps",DDJ!L:L,"SUDIP ROY"),COUNTIFS(BT!C:C,"lps",BT!L:L,"SUDIP ROY"),COUNTIFS(NH!C:C,"lps",NH!L:L,"SUDIP ROY"),COUNTIFS(CONV!C:C,"LPS",CONV!L:L,"SUDIP ROY",CONV!R:R,"Elect"),COUNTIFS(RHA!C:C,"LPS",RHA!L:L,"SUDIP ROY")) -> 10 | V46: =SUM(COUNTIFS(North!C:C,"alp",North!L:L,"SUDIP ROY"),COUNTIFS(KOAA!C:C,"alp",KOAA!L:L,"SUDIP ROY"),COUNTIFS(South!C:C,"alp",South!L:L,"SUDIP ROY"),COUNTIFS(DDJ!C:C,"alp",DDJ!L:L,"SUDIP ROY"),COUNTIFS(BT!C:C,"alp",BT!L:L,"SUDIP ROY"),COUNTIFS(NH!C:C,"alp",NH!L:L,"SUDIP ROY"),COUNTIFS(CONV!C:C,"ALP",CONV!L:L,"SUDIP ROY"),COUNTIFS(RHA!C:C,"ALP",RHA!L:L,"SUDIP ROY")) -> 13 | W46: 0 | X46: =SUM(Q46:W46) -> 50 | Y46: =SUM(Q46:T46) -> 27
A47: DRAFTED & De cat | B47: =COUNTIFS(SUPV!I3:I33,"CC(R) NORTH",SUPV!H3:H33,"<="&C37) -> 6 | C47: =COUNTIFS(SUPV!I3:I33,"CC(R) SOUTH",SUPV!H3:H33,"<="&C37) -> 3 | D47: =COUNTIFS(SUPV!I3:I33,"CC(R) KOAA",SUPV!H3:H33,"<="&C37) -> 0 | E47: =COUNTIFS(SUPV!I3:I33,"CC(R) DDJ",SUPV!H3:H33,"<="&C37) -> 1 | F47: =COUNTIFS(SUPV!I3:I33,"CC(R) NH",SUPV!H3:H33,"<="&C37) -> 3 | G47: =COUNTIFS(SUPV!I3:I33,"CC(R) BT",SUPV!H3:H33,"<="&C37) -> 4 | H47: =COUNTIFS(SUPV!I3:I33,"CC(R) RHA",SUPV!H3:H33,"<="&C37) -> 3 | I47: 0 | J47: 0 | K47: 0 | L47: =SUM(B47:K47) -> 20 | O47: 19 | P47: B M KALUNDIA | Q47: =SUM(COUNTIFS(North!C:C,"lpm",North!L:L,"B M KALUNDIA"),COUNTIFS(KOAA!C:C,"lpm",KOAA!L:L,"B M KALUNDIA"),COUNTIFS(South!C:C,"lpm",South!L:L,"B M KALUNDIA"),COUNTIFS(DDJ!C:C,"lpm",DDJ!L:L,"B M KALUNDIA"),COUNTIFS(BT!C:C,"lpm",BT!L:L,"B M KALUNDIA"),COUNTIFS(NH!C:C,"lpm",NH!L:L,"B M KALUNDIA"),COUNTIFS(CONV!C:C,"LPM",CONV!L:L,"B M KALUNDIA")) -> 0 | R47: =SUM(COUNTIFS(North!C:C,"lpp(loco)",North!L:L,"B M KALUNDIA"),COUNTIFS(KOAA!C:C,"lpp(loco)",KOAA!L:L,"B M KALUNDIA"),COUNTIFS(South!C:C,"lpp(loco)",South!L:L,"B M KALUNDIA"),COUNTIFS(DDJ!C:C,"lpp(loco)",DDJ!L:L,"B M KALUNDIA"),COUNTIFS(BT!C:C,"lpp(loco)",BT!L:L,"B M KALUNDIA"),COUNTIFS(NH!C:C,"lpp(loco)",NH!L:L,"B M KALUNDIA"),COUNTIFS(CONV!C:C,"LPP(LOCO)",CONV!L:L,"B M KALUNDIA")) -> 0 | S47: =SUM(COUNTIFS(North!C:C,"motorman",North!L:L,"B M KALUNDIA"),COUNTIFS(KOAA!C:C,"motorman",KOAA!L:L,"B M KALUNDIA"),COUNTIFS(South!C:C,"motorman",South!L:L,"B M KALUNDIA"),COUNTIFS(DDJ!C:C,"motorman",DDJ!L:L,"B M KALUNDIA"),COUNTIFS(BT!C:C,"motorman",BT!L:L,"B M KALUNDIA"),COUNTIFS(NH!C:C,"motorman",NH!L:L,"B M KALUNDIA"),COUNTIFS(CONV!C:C,"MOTORMAN",CONV!L:L,"B M KALUNDIA"),COUNTIFS(RHA!C:C,"MOTORMAN",RHA!L:L,"B M KALUNDIA")) -> 33 | T47: =SUM(COUNTIFS(North!C:C,"lpg",North!L:L,"B M KALUNDIA"),COUNTIFS(KOAA!C:C,"lpg",KOAA!L:L,"B M KALUNDIA"),COUNTIFS(South!C:C,"lpg",South!L:L,"B M KALUNDIA"),COUNTIFS(DDJ!C:C,"lpg",DDJ!L:L,"B M KALUNDIA"),COUNTIFS(BT!C:C,"lpg",BT!L:L,"B M KALUNDIA"),COUNTIFS(NH!C:C,"lpg",NH!L:L,"B M KALUNDIA"),COUNTIFS(CONV!C:C,"LPG",CONV!L:L,"B M KALUNDIA",CONV!R:R,"Elect"),COUNTIFS(RHA!C:C,"LPG",RHA!L:L,"B M KALUNDIA")) -> 13 | U47: =SUM(COUNTIFS(North!C:C,"lps",North!L:L,"B M KALUNDIA"),COUNTIFS(KOAA!C:C,"lps",KOAA!L:L,"B M KALUNDIA"),COUNTIFS(South!C:C,"lps",South!L:L,"B M KALUNDIA"),COUNTIFS(DDJ!C:C,"lps",DDJ!L:L,"B M KALUNDIA"),COUNTIFS(BT!C:C,"lps",BT!L:L,"B M KALUNDIA"),COUNTIFS(NH!C:C,"lps",NH!L:L,"B M KALUNDIA"),COUNTIFS(CONV!C:C,"LPS",CONV!L:L,"B M KALUNDIA",CONV!R:R,"Elect"),COUNTIFS(RHA!C:C,"LPS",RHA!L:L,"B M KALUNDIA")) -> 7 | V47: =SUM(COUNTIFS(North!C:C,"alp",North!L:L,"B M KALUNDIA"),COUNTIFS(KOAA!C:C,"alp",KOAA!L:L,"B M KALUNDIA"),COUNTIFS(South!C:C,"alp",South!L:L,"B M KALUNDIA"),COUNTIFS(DDJ!C:C,"alp",DDJ!L:L,"B M KALUNDIA"),COUNTIFS(BT!C:C,"alp",BT!L:L,"B M KALUNDIA"),COUNTIFS(NH!C:C,"alp",NH!L:L,"B M KALUNDIA"),COUNTIFS(CONV!C:C,"ALP",CONV!L:L,"B M KALUNDIA"),COUNTIFS(RHA!C:C,"ALP",RHA!L:L,"B M KALUNDIA")) -> 16 | W47: 0 | X47: =SUM(Q47:W47) -> 69 | Y47: =SUM(Q47:T47) -> 46
A48: MINISTERIAL & RRB | B48: =COUNTIFS(Ministerial!H:H,"CC(R) NORTH",Ministerial!K:K,"<="&C37) -> 7 | C48: =COUNTIFS(Ministerial!H:H,"CC(R) SOUTH",Ministerial!K:K,"<="&C37) -> 0 | D48: =COUNTIFS(Ministerial!H:H,"CC(R) KOAA",Ministerial!K:K,"<="&C37) -> 0 | E48: =COUNTIFS(Ministerial!H:H,"CC(R) DDJ",Ministerial!K:K,"<="&C37) -> 4 | F48: =COUNTIFS(Ministerial!H:H,"CC(R) NH",Ministerial!K:K,"<="&C37) -> 1 | G48: =COUNTIFS(Ministerial!H:H,"CC(R) BT",Ministerial!K:K,"<="&C37) -> 0 | H48: =COUNTIFS(Ministerial!H:H,"CC(R) RHA",Ministerial!K:K,"<="&C37) -> 0 | I48: =COUNTIFS(Ministerial!H:H,"CP",Ministerial!K:K,"<="&C37) -> 0 | J48: =COUNTIFS(Ministerial!H:H,"NKG",Ministerial!K:K,"<="&C37) -> 0 | K48: =COUNTIFS(Ministerial!H:H,"HQ",Ministerial!K:K,"<="&C37) -> 6 | L48: =SUM(B48:K48) -> 18 | O48: 20 | P48: MAHADEO MANJHI | Q48: =SUM(COUNTIFS(North!C:C,"lpm",North!L:L,"MAHADEO MANJHI"),COUNTIFS(KOAA!C:C,"lpm",KOAA!L:L,"MAHADEO MANJHI"),COUNTIFS(South!C:C,"lpm",South!L:L,"MAHADEO MANJHI"),COUNTIFS(DDJ!C:C,"lpm",DDJ!L:L,"MAHADEO MANJHI"),COUNTIFS(BT!C:C,"lpm",BT!L:L,"MAHADEO MANJHI"),COUNTIFS(NH!C:C,"lpm",NH!L:L,"MAHADEO MANJHI"),COUNTIFS(CONV!C:C,"LPM",CONV!L:L,"MAHADEO MANJHI")) -> 1 | R48: =SUM(COUNTIFS(North!C:C,"lpp(loco)",North!L:L,"MAHADEO MANJHI"),COUNTIFS(KOAA!C:C,"lpp(loco)",KOAA!L:L,"MAHADEO MANJHI"),COUNTIFS(South!C:C,"lpp(loco)",South!L:L,"MAHADEO MANJHI"),COUNTIFS(DDJ!C:C,"lpp(loco)",DDJ!L:L,"MAHADEO MANJHI"),COUNTIFS(BT!C:C,"lpp(loco)",BT!L:L,"MAHADEO MANJHI"),COUNTIFS(NH!C:C,"lpp(loco)",NH!L:L,"MAHADEO MANJHI"),COUNTIFS(CONV!C:C,"LPP(LOCO)",CONV!L:L,"MAHADEO MANJHI")) -> 0 | S48: =SUM(COUNTIFS(North!C:C,"motorman",North!L:L,"MAHADEO MANJHI"),COUNTIFS(KOAA!C:C,"motorman",KOAA!L:L,"MAHADEO MANJHI"),COUNTIFS(South!C:C,"motorman",South!L:L,"MAHADEO MANJHI"),COUNTIFS(DDJ!C:C,"motorman",DDJ!L:L,"MAHADEO MANJHI"),COUNTIFS(BT!C:C,"motorman",BT!L:L,"MAHADEO MANJHI"),COUNTIFS(NH!C:C,"motorman",NH!L:L,"MAHADEO MANJHI"),COUNTIFS(CONV!C:C,"MOTORMAN",CONV!L:L,"MAHADEO MANJHI"),COUNTIFS(RHA!C:C,"MOTORMAN",RHA!L:L,"MAHADEO MANJHI")) -> 35 | T48: =SUM(COUNTIFS(North!C:C,"lpg",North!L:L,"MAHADEO MANJHI"),COUNTIFS(KOAA!C:C,"lpg",KOAA!L:L,"MAHADEO MANJHI"),COUNTIFS(South!C:C,"lpg",South!L:L,"MAHADEO MANJHI"),COUNTIFS(DDJ!C:C,"lpg",DDJ!L:L,"MAHADEO MANJHI"),COUNTIFS(BT!C:C,"lpg",BT!L:L,"MAHADEO MANJHI"),COUNTIFS(NH!C:C,"lpg",NH!L:L,"MAHADEO MANJHI"),COUNTIFS(CONV!C:C,"LPG",CONV!L:L,"MAHADEO MANJHI",CONV!R:R,"Elect"),COUNTIFS(RHA!C:C,"LPG",RHA!L:L,"MAHADEO MANJHI")) -> 7 | U48: =SUM(COUNTIFS(North!C:C,"lps",North!L:L,"MAHADEO MANJHI"),COUNTIFS(KOAA!C:C,"lps",KOAA!L:L,"MAHADEO MANJHI"),COUNTIFS(South!C:C,"lps",South!L:L,"MAHADEO MANJHI"),COUNTIFS(DDJ!C:C,"lps",DDJ!L:L,"MAHADEO MANJHI"),COUNTIFS(BT!C:C,"lps",BT!L:L,"MAHADEO MANJHI"),COUNTIFS(NH!C:C,"lps",NH!L:L,"MAHADEO MANJHI"),COUNTIFS(CONV!C:C,"LPS",CONV!L:L,"MAHADEO MANJHI",CONV!R:R,"Elect"),COUNTIFS(RHA!C:C,"LPS",RHA!L:L,"MAHADEO MANJHI")) -> 9 | V48: =SUM(COUNTIFS(North!C:C,"alp",North!L:L,"MAHADEO MANJHI"),COUNTIFS(KOAA!C:C,"alp",KOAA!L:L,"MAHADEO MANJHI"),COUNTIFS(South!C:C,"alp",South!L:L,"MAHADEO MANJHI"),COUNTIFS(DDJ!C:C,"alp",DDJ!L:L,"MAHADEO MANJHI"),COUNTIFS(BT!C:C,"alp",BT!L:L,"MAHADEO MANJHI"),COUNTIFS(NH!C:C,"alp",NH!L:L,"MAHADEO MANJHI"),COUNTIFS(CONV!C:C,"ALP",CONV!L:L,"MAHADEO MANJHI"),COUNTIFS(RHA!C:C,"ALP",RHA!L:L,"MAHADEO MANJHI")) -> 16 | W48: 0 | X48: =SUM(Q48:W48) -> 68 | Y48: =SUM(Q48:T48) -> 43
A49: Technical | B49: 0 | C49: 0 | D49: 0 | E49: 0 | F49: 0 | G49: 0 | H49: 0 | I49: =COUNTIFS('Trip Shed'!E:E,"CP",'Trip Shed'!I:I,"<="&C37) -> 14 | J49: =COUNTIFS('Trip Shed'!E:E,"NKG",'Trip Shed'!I:I,"<="&C37) -> 19 | K49: 0 | L49: =SUM(B49:K49) -> 33 | O49: 21 | P49: SAMARESH MONDAL | Q49: =SUM(COUNTIFS(North!C:C,"lpm",North!L:L,"SAMARESH MONDAL"),COUNTIFS(KOAA!C:C,"lpm",KOAA!L:L,"SAMARESH MONDAL"),COUNTIFS(South!C:C,"lpm",South!L:L,"SAMARESH MONDAL"),COUNTIFS(DDJ!C:C,"lpm",DDJ!L:L,"SAMARESH MONDAL"),COUNTIFS(BT!C:C,"lpm",BT!L:L,"SAMARESH MONDAL"),COUNTIFS(NH!C:C,"lpm",NH!L:L,"SAMARESH MONDAL"),COUNTIFS(CONV!C:C,"LPM",CONV!L:L,"SAMARESH MONDAL")) -> 0 | R49: =SUM(COUNTIFS(North!C:C,"lpp(loco)",North!L:L,"SAMARESH MONDAL"),COUNTIFS(KOAA!C:C,"lpp(loco)",KOAA!L:L,"SAMARESH MONDAL"),COUNTIFS(South!C:C,"lpp(loco)",South!L:L,"SAMARESH MONDAL"),COUNTIFS(DDJ!C:C,"lpp(loco)",DDJ!L:L,"SAMARESH MONDAL"),COUNTIFS(BT!C:C,"lpp(loco)",BT!L:L,"SAMARESH MONDAL"),COUNTIFS(NH!C:C,"lpp(loco)",NH!L:L,"SAMARESH MONDAL"),COUNTIFS(CONV!C:C,"LPP(LOCO)",CONV!L:L,"SAMARESH MONDAL")) -> 0 | S49: =SUM(COUNTIFS(North!C:C,"motorman",North!L:L,"SAMARESH MONDAL"),COUNTIFS(KOAA!C:C,"motorman",KOAA!L:L,"SAMARESH MONDAL"),COUNTIFS(South!C:C,"motorman",South!L:L,"SAMARESH MONDAL"),COUNTIFS(DDJ!C:C,"motorman",DDJ!L:L,"SAMARESH MONDAL"),COUNTIFS(BT!C:C,"motorman",BT!L:L,"SAMARESH MONDAL"),COUNTIFS(NH!C:C,"motorman",NH!L:L,"SAMARESH MONDAL"),COUNTIFS(CONV!C:C,"MOTORMAN",CONV!L:L,"SAMARESH MONDAL"),COUNTIFS(RHA!C:C,"MOTORMAN",RHA!L:L,"SAMARESH MONDAL")) -> 0 | T49: =SUM(COUNTIFS(North!C:C,"lpg",North!L:L,"SAMARESH MONDAL"),COUNTIFS(KOAA!C:C,"lpg",KOAA!L:L,"SAMARESH MONDAL"),COUNTIFS(South!C:C,"lpg",South!L:L,"SAMARESH MONDAL"),COUNTIFS(DDJ!C:C,"lpg",DDJ!L:L,"SAMARESH MONDAL"),COUNTIFS(BT!C:C,"lpg",BT!L:L,"SAMARESH MONDAL"),COUNTIFS(NH!C:C,"lpg",NH!L:L,"SAMARESH MONDAL"),COUNTIFS(CONV!C:C,"LPG",CONV!L:L,"SAMARESH MONDAL",CONV!R:R,"Elect"),COUNTIFS(RHA!C:C,"LPG",RHA!L:L,"SAMARESH MONDAL")) -> 9 | U49: =SUM(COUNTIFS(North!C:C,"lps",North!L:L,"SAMARESH MONDAL"),COUNTIFS(KOAA!C:C,"lps",KOAA!L:L,"SAMARESH MONDAL"),COUNTIFS(South!C:C,"lps",South!L:L,"SAMARESH MONDAL"),COUNTIFS(DDJ!C:C,"lps",DDJ!L:L,"SAMARESH MONDAL"),COUNTIFS(BT!C:C,"lps",BT!L:L,"SAMARESH MONDAL"),COUNTIFS(NH!C:C,"lps",NH!L:L,"SAMARESH MONDAL"),COUNTIFS(CONV!C:C,"LPS",CONV!L:L,"SAMARESH MONDAL",CONV!R:R,"Elect"),COUNTIFS(RHA!C:C,"LPS",RHA!L:L,"SAMARESH MONDAL")) -> 74 | V49: =SUM(COUNTIFS(North!C:C,"alp",North!L:L,"SAMARESH MONDAL"),COUNTIFS(KOAA!C:C,"alp",KOAA!L:L,"SAMARESH MONDAL"),COUNTIFS(South!C:C,"alp",South!L:L,"SAMARESH MONDAL"),COUNTIFS(DDJ!C:C,"alp",DDJ!L:L,"SAMARESH MONDAL"),COUNTIFS(BT!C:C,"alp",BT!L:L,"SAMARESH MONDAL"),COUNTIFS(NH!C:C,"alp",NH!L:L,"SAMARESH MONDAL"),COUNTIFS(CONV!C:C,"ALP",CONV!L:L,"SAMARESH MONDAL"),COUNTIFS(RHA!C:C,"ALP",RHA!L:L,"SAMARESH MONDAL")) -> 0 | W49: 0 | X49: =SUM(Q49:W49) -> 83 | Y49: =SUM(Q49:T49) -> 9
A50: GR TOTAL | B50: =SUM(B45:B49) -> 124 | C50: =SUM(C45:C49) -> 49 | D50: =SUM(D45:D49) -> 21 | E50: =SUM(E45:E49) -> 24 | F50: =SUM(F45:F49) -> 50 | G50: =SUM(G45:G49) -> 37 | H50: =SUM(H45:H49) -> 11 | I50: =SUM(I45:I49) -> 14 | ... K50: =SUM(K45:K49) -> 6 | L50: =SUM(B50:K50) -> 355 | O50: 22 | P50: SHYAMAL PRADHAN | Q50: =SUM(COUNTIFS(North!C:C,"lpm",North!L:L,"SHYAMAL PRADHAN"),COUNTIFS(KOAA!C:C,"lpm",KOAA!L:L,"SHYAMAL PRADHAN"),COUNTIFS(South!C:C,"lpm",South!L:L,"SHYAMAL PRADHAN"),COUNTIFS(DDJ!C:C,"lpm",DDJ!L:L,"SHYAMAL PRADHAN"),COUNTIFS(BT!C:C,"lpm",BT!L:L,"SHYAMAL PRADHAN"),COUNTIFS(NH!C:C,"lpm",NH!L:L,"SHYAMAL PRADHAN"),COUNTIFS(CONV!C:C,"LPM",CONV!L:L,"SHYAMAL PRADHAN")) -> 0 | R50: =SUM(COUNTIFS(North!C:C,"lpp(loco)",North!L:L,"SHYAMAL PRADHAN"),COUNTIFS(KOAA!C:C,"lpp(loco)",KOAA!L:L,"SHYAMAL PRADHAN"),COUNTIFS(South!C:C,"lpp(loco)",South!L:L,"SHYAMAL PRADHAN"),COUNTIFS(DDJ!C:C,"lpp(loco)",DDJ!L:L,"SHYAMAL PRADHAN"),COUNTIFS(BT!C:C,"lpp(loco)",BT!L:L,"SHYAMAL PRADHAN"),COUNTIFS(NH!C:C,"lpp(loco)",NH!L:L,"SHYAMAL PRADHAN"),COUNTIFS(CONV!C:C,"LPP(LOCO)",CONV!L:L,"SHYAMAL PRADHAN")) -> 0 | S50: =SUM(COUNTIFS(North!C:C,"motorman",North!L:L,"SHYAMAL PRADHAN"),COUNTIFS(KOAA!C:C,"motorman",KOAA!L:L,"SHYAMAL PRADHAN"),COUNTIFS(South!C:C,"motorman",South!L:L,"SHYAMAL PRADHAN"),COUNTIFS(DDJ!C:C,"motorman",DDJ!L:L,"SHYAMAL PRADHAN"),COUNTIFS(BT!C:C,"motorman",BT!L:L,"SHYAMAL PRADHAN"),COUNTIFS(NH!C:C,"motorman",NH!L:L,"SHYAMAL PRADHAN"),COUNTIFS(CONV!C:C,"MOTORMAN",CONV!L:L,"SHYAMAL PRADHAN"),COUNTIFS(RHA!C:C,"MOTORMAN",RHA!L:L,"SHYAMAL PRADHAN")) -> 0 | T50: =SUM(COUNTIFS(North!C:C,"lpg",North!L:L,"SHYAMAL PRADHAN"),COUNTIFS(KOAA!C:C,"lpg",KOAA!L:L,"SHYAMAL PRADHAN"),COUNTIFS(South!C:C,"lpg",South!L:L,"SHYAMAL PRADHAN"),COUNTIFS(DDJ!C:C,"lpg",DDJ!L:L,"SHYAMAL PRADHAN"),COUNTIFS(BT!C:C,"lpg",BT!L:L,"SHYAMAL PRADHAN"),COUNTIFS(NH!C:C,"lpg",NH!L:L,"SHYAMAL PRADHAN"),COUNTIFS(CONV!C:C,"LPG",CONV!L:L,"SHYAMAL PRADHAN"),COUNTIFS(RHA!C:C,"LPG",RHA!L:L,"SHYAMAL PRADHAN")) -> 9 | U50: =SUM(COUNTIFS(North!C:C,"lps",North!L:L,"SHYAMAL PRADHAN"),COUNTIFS(KOAA!C:C,"lps",KOAA!L:L,"SHYAMAL PRADHAN"),COUNTIFS(South!C:C,"lps",South!L:L,"SHYAMAL PRADHAN"),COUNTIFS(DDJ!C:C,"lps",DDJ!L:L,"SHYAMAL PRADHAN"),COUNTIFS(BT!C:C,"lps",BT!L:L,"SHYAMAL PRADHAN"),COUNTIFS(NH!C:C,"lps",NH!L:L,"SHYAMAL PRADHAN"),COUNTIFS(CONV!C:C,"LPS",CONV!L:L,"SHYAMAL PRADHAN"),COUNTIFS(RHA!C:C,"LPS",RHA!L:L,"SHYAMAL PRADHAN")) -> 0 | V50: =SUM(COUNTIFS(North!C:C,"alp",North!L:L,"SHYAMAL PRADHAN"),COUNTIFS(KOAA!C:C,"alp",KOAA!L:L,"SHYAMAL PRADHAN"),COUNTIFS(South!C:C,"alp",South!L:L,"SHYAMAL PRADHAN"),COUNTIFS(DDJ!C:C,"alp",DDJ!L:L,"SHYAMAL PRADHAN"),COUNTIFS(BT!C:C,"alp",BT!L:L,"SHYAMAL PRADHAN"),COUNTIFS(NH!C:C,"alp",NH!L:L,"SHYAMAL PRADHAN"),COUNTIFS(CONV!C:C,"ALP",CONV!L:L,"SHYAMAL PRADHAN"),COUNTIFS(RHA!C:C,"ALP",RHA!L:L,"SHYAMAL PRADHAN")) -> 2 | W50: 0 | X50: =SUM(Q50:W50) -> 11 | Y50: =SUM(Q50:T50) -> 9
O51: 23 | P51: NALINI KHAN | Q51: =SUM(COUNTIFS(North!C:C,"lpm",North!L:L,"NALINI KHAN"),COUNTIFS(KOAA!C:C,"lpm",KOAA!L:L,"NALINI KHAN"),COUNTIFS(South!C:C,"lpm",South!L:L,"NALINI KHAN"),COUNTIFS(DDJ!C:C,"lpm",DDJ!L:L,"NALINI KHAN"),COUNTIFS(BT!C:C,"lpm",BT!L:L,"NALINI KHAN"),COUNTIFS(NH!C:C,"lpm",NH!L:L,"NALINI KHAN"),COUNTIFS(CONV!C:C,"LPM",CONV!L:L,"NALINI KHAN")) -> 1 | R51: =SUM(COUNTIFS(North!C:C,"lpp(loco)",North!L:L,"NALINI KHAN"),COUNTIFS(KOAA!C:C,"lpp(loco)",KOAA!L:L,"NALINI KHAN"),COUNTIFS(South!C:C,"lpp(loco)",South!L:L,"NALINI KHAN"),COUNTIFS(DDJ!C:C,"lpp(loco)",DDJ!L:L,"NALINI KHAN"),COUNTIFS(BT!C:C,"lpp(loco)",BT!L:L,"NALINI KHAN"),COUNTIFS(NH!C:C,"lpp(loco)",NH!L:L,"NALINI KHAN"),COUNTIFS(CONV!C:C,"LPP(LOCO)",CONV!L:L,"NALINI KHAN")) -> 0 | S51: =SUM(COUNTIFS(North!C:C,"motorman",North!L:L,"NALINI KHAN"),COUNTIFS(KOAA!C:C,"motorman",KOAA!L:L,"NALINI KHAN"),COUNTIFS(South!C:C,"motorman",South!L:L,"NALINI KHAN"),COUNTIFS(DDJ!C:C,"motorman",DDJ!L:L,"NALINI KHAN"),COUNTIFS(BT!C:C,"motorman",BT!L:L,"NALINI KHAN"),COUNTIFS(NH!C:C,"motorman",NH!L:L,"NALINI KHAN"),COUNTIFS(CONV!C:C,"MOTORMAN",CONV!L:L,"NALINI KHAN"),COUNTIFS(RHA!C:C,"MOTORMAN",RHA!L:L,"NALINI KHAN")) -> 37 | T51: =SUM(COUNTIFS(North!C:C,"lpg",North!L:L,"NALINI KHAN"),COUNTIFS(KOAA!C:C,"lpg",KOAA!L:L,"NALINI KHAN"),COUNTIFS(South!C:C,"lpg",South!L:L,"NALINI KHAN"),COUNTIFS(DDJ!C:C,"lpg",DDJ!L:L,"NALINI KHAN"),COUNTIFS(BT!C:C,"lpg",BT!L:L,"NALINI KHAN"),COUNTIFS(NH!C:C,"lpg",NH!L:L,"NALINI KHAN"),COUNTIFS(CONV!C:C,"LPG",CONV!L:L,"NALINI KHAN"),COUNTIFS(RHA!C:C,"LPG",RHA!L:L,"NALINI KHAN")) -> 8 | U51: =SUM(COUNTIFS(North!C:C,"lps",North!L:L,"NALINI KHAN"),COUNTIFS(KOAA!C:C,"lps",KOAA!L:L,"NALINI KHAN"),COUNTIFS(South!C:C,"lps",South!L:L,"NALINI KHAN"),COUNTIFS(DDJ!C:C,"lps",DDJ!L:L,"NALINI KHAN"),COUNTIFS(BT!C:C,"lps",BT!L:L,"NALINI KHAN"),COUNTIFS(NH!C:C,"lps",NH!L:L,"NALINI KHAN"),COUNTIFS(CONV!C:C,"LPS",CONV!L:L,"NALINI KHAN"),COUNTIFS(RHA!C:C,"LPS",RHA!L:L,"NALINI KHAN")) -> 4 | V51: =SUM(COUNTIFS(North!C:C,"alp",North!L:L,"NALINI KHAN"),COUNTIFS(KOAA!C:C,"alp",KOAA!L:L,"NALINI KHAN"),COUNTIFS(South!C:C,"alp",South!L:L,"NALINI KHAN"),COUNTIFS(DDJ!C:C,"alp",DDJ!L:L,"NALINI KHAN"),COUNTIFS(BT!C:C,"alp",BT!L:L,"NALINI KHAN"),COUNTIFS(NH!C:C,"alp",NH!L:L,"NALINI KHAN"),COUNTIFS(CONV!C:C,"ALP",CONV!L:L,"NALINI KHAN"),COUNTIFS(RHA!C:C,"ALP",RHA!L:L,"NALINI KHAN")) -> 14 | W51: 0 | X51: =SUM(Q51:W51) -> 64 | Y51: =SUM(Q51:T51) -> 46
A52: RETIREMENT | B52: DSL+conv | C52: =C37 -> 51226 | O52: 24 | P52: SHIVA SANKAR MONDAL | Q52: =SUM(COUNTIFS(North!C:C,"lpm",North!L:L,"SHIVA SANKAR MONDAL"),COUNTIFS(KOAA!C:C,"lpm",KOAA!L:L,"SHIVA SANKAR MONDAL"),COUNTIFS(South!C:C,"lpm",South!L:L,"SHIVA SANKAR MONDAL"),COUNTIFS(DDJ!C:C,"lpm",DDJ!L:L,"SHIVA SANKAR MONDAL"),COUNTIFS(BT!C:C,"lpm",BT!L:L,"SHIVA SANKAR MONDAL"),COUNTIFS(NH!C:C,"lpm",NH!L:L,"SHIVA SANKAR MONDAL"),COUNTIFS(CONV!C:C,"LPM",CONV!L:L,"SHIVA SANKAR MONDAL")) -> 9 | R52: =SUM(COUNTIFS(North!C:C,"lpp(loco)",North!L:L,"SHIVA SANKAR MONDAL"),COUNTIFS(KOAA!C:C,"lpp(loco)",KOAA!L:L,"SHIVA SANKAR MONDAL"),COUNTIFS(South!C:C,"lpp(loco)",South!L:L,"SHIVA SANKAR MONDAL"),COUNTIFS(DDJ!C:C,"lpp(loco)",DDJ!L:L,"SHIVA SANKAR MONDAL"),COUNTIFS(BT!C:C,"lpp(loco)",BT!L:L,"SHIVA SANKAR MONDAL"),COUNTIFS(NH!C:C,"lpp(loco)",NH!L:L,"SHIVA SANKAR MONDAL"),COUNTIFS(CONV!C:C,"LPP(LOCO)",CONV!L:L,"SHIVA SANKAR MONDAL")) -> 2 | S52: =SUM(COUNTIFS(North!C:C,"motorman",North!L:L,"SHIVA SANKAR MONDAL"),COUNTIFS(KOAA!C:C,"motorman",KOAA!L:L,"SHIVA SANKAR MONDAL"),COUNTIFS(South!C:C,"motorman",South!L:L,"SHIVA SANKAR MONDAL"),COUNTIFS(DDJ!C:C,"motorman",DDJ!L:L,"SHIVA SANKAR MONDAL"),COUNTIFS(BT!C:C,"motorman",BT!L:L,"SHIVA SANKAR MONDAL"),COUNTIFS(NH!C:C,"motorman",NH!L:L,"SHIVA SANKAR MONDAL"),COUNTIFS(CONV!C:C,"MOTORMAN",CONV!L:L,"SHIVA SANKAR MONDAL"),COUNTIFS(RHA!C:C,"MOTORMAN",RHA!L:L,"SHIVA SANKAR MONDAL")) -> 13 | T52: =SUM(COUNTIFS(North!C:C,"lpg",North!L:L,"SHIVA SANKAR MONDAL"),COUNTIFS(KOAA!C:C,"lpg",KOAA!L:L,"SHIVA SANKAR MONDAL"),COUNTIFS(South!C:C,"lpg",South!L:L,"SHIVA SANKAR MONDAL"),COUNTIFS(DDJ!C:C,"lpg",DDJ!L:L,"SHIVA SANKAR MONDAL"),COUNTIFS(BT!C:C,"lpg",BT!L:L,"SHIVA SANKAR MONDAL"),COUNTIFS(NH!C:C,"lpg",NH!L:L,"SHIVA SANKAR MONDAL"),COUNTIFS(CONV!C:C,"LPG",CONV!L:L,"SHIVA SANKAR MONDAL",CONV!R:R,"Elect"),COUNTIFS(RHA!C:C,"LPG",RHA!L:L,"SHIVA SANKAR MONDAL")) -> 5 | U52: =SUM(COUNTIFS(North!C:C,"lps",North!L:L,"SHIVA SANKAR MONDAL"),COUNTIFS(KOAA!C:C,"lps",KOAA!L:L,"SHIVA SANKAR MONDAL"),COUNTIFS(South!C:C,"lps",South!L:L,"SHIVA SANKAR MONDAL"),COUNTIFS(DDJ!C:C,"lps",DDJ!L:L,"SHIVA SANKAR MONDAL"),COUNTIFS(BT!C:C,"lps",BT!L:L,"SHIVA SANKAR MONDAL"),COUNTIFS(NH!C:C,"lps",NH!L:L,"SHIVA SANKAR MONDAL"),COUNTIFS(CONV!C:C,"LPS",CONV!L:L,"SHIVA SANKAR MONDAL",CONV!R:R,"Elect"),COUNTIFS(RHA!C:C,"LPS",RHA!L:L,"SHIVA SANKAR MONDAL")) -> 6 | V52: =SUM(COUNTIFS(North!C:C,"alp",North!L:L,"SHIVA SANKAR MONDAL"),COUNTIFS(KOAA!C:C,"alp",KOAA!L:L,"SHIVA SANKAR MONDAL"),COUNTIFS(South!C:C,"alp",South!L:L,"SHIVA SANKAR MONDAL"),COUNTIFS(DDJ!C:C,"alp",DDJ!L:L,"SHIVA SANKAR MONDAL"),COUNTIFS(BT!C:C,"alp",BT!L:L,"SHIVA SANKAR MONDAL"),COUNTIFS(NH!C:C,"alp",NH!L:L,"SHIVA SANKAR MONDAL"),COUNTIFS(CONV!C:C,"ALP",CONV!L:L,"SHIVA SANKAR MONDAL"),COUNTIFS(RHA!C:C,"ALP",RHA!L:L,"SHIVA SANKAR MONDAL")) -> 11 | W52: 0 | X52: =SUM(Q52:W52) -> 46 | Y52: =SUM(Q52:T52) -> 29
B53: North | C53: South | D53: KOAA | E53: DDJ | F53: NH | G53: RHA | H53: BT | I53: Total | P53: TOTAL | Q53: =SUM(Q29:Q52) -> 66 | R53: =SUM(R29:R52) -> 14 | S53: =SUM(S29:S52) -> 458 | T53: =SUM(T29:T52) -> 293 | U53: =SUM(U29:U52) -> 209 | V53: =SUM(V29:V52) -> 337 | W53: =SUM(W29:W52) -> 42 | X53: =SUM(X29:X52) -> 1419 | Y53: =SUM(Y29:Y52) -> 831
A54: LPM | B54: =COUNTIFS(CONV!C:C,"LPM",CONV!K:K,"CC(R) NORTH",CONV!N:N,"<="&C52) -> 15 | C54: =COUNTIFS(CONV!C:C,"LPM",CONV!K:K,"CC(R) SOUTH",CONV!N:N,"<="&C52) -> 0 | D54: =COUNTIFS(CONV!C:C,"LPM",CONV!K:K,"CC(R) KOAA",CONV!N:N,"<="&C52) -> 1 | E54: =COUNTIFS(CONV!C:C,"LPM",CONV!K:K,"CC(R) DDJ",CONV!N:N,"<="&C52) -> 0 | F54: =COUNTIFS(CONV!C:C,"LPM",CONV!K:K,"CC(R) NH",CONV!N:N,"<="&C52) -> 0 | G54: =COUNTIFS(CONV!C:C,"LPM",CONV!K:K,"CC(R) RHA",CONV!N:N,"<="&C52) -> 0 | H54: =COUNTIFS(CONV!C:C,"LPM",CONV!K:K,"CC(R) BT",CONV!N:N,"<="&C52) -> 0 | I54: =SUM(B54:H54) -> 16
A55: Motorman | B55: =COUNTIFS(CONV!C:C,"MOTORMAN",CONV!K:K,"CC(R) NORTH",CONV!N:N,"<="&C52) -> 8 | C55: =COUNTIFS(CONV!C:C,"MOTORMAN",CONV!K:K,"CC(R) SOUTH",CONV!N:N,"<="&C52) -> 10 | D55: =COUNTIFS(CONV!C:C,"MOTORMAN",CONV!K:K,"CC(R) KOAA",CONV!N:N,"<="&C52) -> 0 | E55: =COUNTIFS(CONV!C:C,"MOTORMAN",CONV!K:K,"CC(R) DDJ",CONV!N:N,"<="&C52) -> 0 | F55: =COUNTIFS(CONV!C:C,"MOTORMAN",CONV!K:K,"CC(R) NH",CONV!N:N,"<="&C52) -> 1 | G55: =COUNTIFS(CONV!C:C,"MOTORMAN",CONV!K:K,"CC(R) RHA",CONV!N:N,"<="&C52) -> 2 | H55: =COUNTIFS(CONV!C:C,"MOTORMAN",CONV!K:K,"CC(R) BT",CONV!N:N,"<="&C52) -> 0 | I55: =SUM(B55:H55) -> 21
A56: LPP(Loco) | B56: =COUNTIFS(CONV!C:C,"LPP(LOCO)",CONV!K:K,"CC(R) NORTH",CONV!N:N,"<="&C52) -> 3 | C56: =COUNTIFS(CONV!C:C,"LPP(LOCO)",CONV!K:K,"CC(R) SOUTH",CONV!N:N,"<="&C52) -> 0 | D56: =COUNTIFS(CONV!C:C,"LPP(LOCO)",CONV!K:K,"CC(R) KOAA",CONV!N:N,"<="&C52) -> 0 | E56: =COUNTIFS(CONV!C:C,"LPP(LOCO)",CONV!K:K,"CC(R) DDJ",CONV!N:N,"<="&C52) -> 0 | F56: =COUNTIFS(CONV!C:C,"LPP(LOCO)",CONV!K:K,"CC(R) NH",CONV!N:N,"<="&C52) -> 0 | G56: =COUNTIFS(CONV!C:C,"LPP(LOCO)",CONV!K:K,"CC(R) RHA",CONV!N:N,"<="&C52) -> 0 | H56: =COUNTIFS(CONV!C:C,"LPP(LOCO)",CONV!K:K,"CC(R) BT",CONV!N:N,"<="&C52) -> 0 | I56: =SUM(B56:H56) -> 3
A57: LPG | B57: =COUNTIFS(CONV!C:C,"LPG",CONV!K:K,"CC(R) NORTH",CONV!N:N,"<="&C52) -> 1 | C57: =COUNTIFS(CONV!C:C,"LPG",CONV!K:K,"CC(R) SOUTH",CONV!N:N,"<="&C52) -> 0 | D57: =COUNTIFS(CONV!C:C,"LPG",CONV!K:K,"CC(R) KOAA",CONV!N:N,"<="&C52) -> 0 | E57: =COUNTIFS(CONV!C:C,"LPG",CONV!K:K,"CC(R) DDJ",CONV!N:N,"<="&C52) -> 49 | F57: =COUNTIFS(CONV!C:C,"LPG",CONV!K:K,"CC(R) NH",CONV!N:N,"<="&C52) -> 19 | G57: =COUNTIFS(CONV!C:C,"LPG",CONV!K:K,"CC(R) RHA",CONV!N:N,"<="&C52) -> 11 | H57: =COUNTIFS(CONV!C:C,"LPG",CONV!K:K,"CC(R) BT",CONV!N:N,"<="&C52) -> 1 | I57: =SUM(B57:H57) -> 81
A58: LPS | B58: =COUNTIFS(CONV!C:C,"LPS",CONV!K:K,"CC(R) NORTH",CONV!N:N,"<="&C52) -> 0 | C58: =COUNTIFS(CONV!C:C,"LPS",CONV!K:K,"CC(R) SOUTH",CONV!N:N,"<="&C52) -> 0 | D58: =COUNTIFS(CONV!C:C,"LPS",CONV!K:K,"CC(R) KOAA",CONV!N:N,"<="&C52) -> 1 | E58: =COUNTIFS(CONV!C:C,"LPS",CONV!K:K,"CC(R) DDJ",CONV!N:N,"<="&C52) -> 1 | F58: =COUNTIFS(CONV!C:C,"LPS",CONV!K:K,"CC(R) NH",CONV!N:N,"<="&C52) -> 5 | G58: =COUNTIFS(CONV!C:C,"LPS",CONV!K:K,"CC(R) RHA",CONV!N:N,"<="&C52) -> 1 | H58: =COUNTIFS(CONV!C:C,"LPS",CONV!K:K,"CC(R) BT",CONV!N:N,"<="&C52) -> 0 | I58: =SUM(B58:H58) -> 8
A59: ALP | B59: =COUNTIFS(CONV!C:C,"ALP",CONV!K:K,"CC(R) NORTH",CONV!N:N,"<="&C52) -> 5 | C59: =COUNTIFS(CONV!C:C,"ALP",CONV!K:K,"CC(R) SOUTH",CONV!N:N,"<="&C52) -> 0 | D59: =COUNTIFS(CONV!C:C,"ALP",CONV!K:K,"CC(R) KOAA",CONV!N:N,"<="&C52) -> 0 | E59: =COUNTIFS(CONV!C:C,"ALP",CONV!K:K,"CC(R) DDJ",CONV!N:N,"<="&C52) -> 5 | F59: =COUNTIFS(CONV!C:C,"ALP",CONV!K:K,"CC(R) NH",CONV!N:N,"<="&C52) -> 2 | G59: =COUNTIFS(CONV!C:C,"ALP",CONV!K:K,"CC(R) RHA",CONV!N:N,"<="&C52) -> 0 | H59: =COUNTIFS(CONV!C:C,"ALP",CONV!K:K,"CC(R) BT",CONV!N:N,"<="&C52) -> 0 | I59: =SUM(B59:H59) -> 12
A60: Total | B60: =SUM(B54:B59) -> 32 | C60: =SUM(C54:C59) -> 10 | D60: =SUM(D54:D59) -> 2 | E60: =SUM(E54:E59) -> 55 | F60: =SUM(F54:F59) -> 27 | G60: =SUM(G54:G59) -> 14 | H60: =SUM(H54:H59) -> 1 | I60: =SUM(B60:H60) -> 141
A63: CATEGORYWISE MOR VS VACANCY
C64: SANC | G64: MOR | K64: VAC | O64: ASSESSMENT VAC UPTO | R64: 46081 | S64: CHAIN VACANCY
C65: UR | D65: SC | E65: ST | F65: TOTAL | G65: UR | H65: SC | I65: ST | J65: TOTAL | K65: UR | L65: SC | M65: ST | N65: TOTAL | O65: UR | P65: SC | Q65: ST | R65: TOTAL | S65: UR | T65: SC | U65: ST | V65: TOTAL
A66: CLI | C66: =(F66-D66-E66) -> 61 | D66: =CEILING(F66*0.15,1) -> 12 | E66: =CEILING(F66*0.075,1) -> 6 | F66: 79 | G66: =COUNTIFS(SUPV!F:F,"CLI",SUPV!J:J,"UR") -> 25 | H66: =COUNTIFS(SUPV!F:F,"CLI",SUPV!J:J,"SC") -> 1 | I66: =COUNTIFS(SUPV!F:F,"CLI",SUPV!J:J,"ST") -> 6 | J66: =SUM(G66:I66) -> 32 | K66: =(C66-G66) -> 36 | L66: =(D66-H66) -> 11 | M66: =(E66-I66) -> 0 | N66: =(F66-J66) -> 47 | O66: =COUNTIFS(SUPV!F:F,"CLI",SUPV!J:J,"UR",SUPV!H:H,"<="&R64) -> 0 | P66: =COUNTIFS(SUPV!F:F,"CLI",SUPV!J:J,"SC",SUPV!H:H,"<="&R64) -> 0 | Q66: =COUNTIFS(SUPV!F:F,"CLI",SUPV!J:J,"ST",SUPV!H:H,"<="&R64) -> 0 | R66: =SUM(O66:Q66) -> 0 | S66: =(K66+O66) -> 36 | T66: =(L66+P66) -> 11 | U66: =(M66+Q66) -> 0 | V66: =(N66+R66) -> 47
A67: Drafted & De-cat CCR/ACCR/PC | C67: =(F67-D67-E67) -> 75 | D67: =CEILING(F67*0.15,1) -> 15 | E67: =CEILING(F67*0.075,1) -> 8 | F67: 98 | G67: =COUNTIF(SUPV!J3:J31,"UR") -> 28 | H67: =COUNTIF(SUPV!J1:J31,"SC") -> 0 | I67: =COUNTIF(SUPV!J3:J31,"ST") -> 1 | J67: =SUM(G67:I67) -> 29 | K67: =(C67-G67) -> 47 | L67: =(D67-H67) -> 15 | M67: =(E67-I67) -> 7 | N67: =(F67-J67) -> 69 | O67: =COUNTIFS(SUPV!J3:J16,"UR",SUPV!H3:H16,"<="&R64) -> 0 | P67: =COUNTIFS(SUPV!J3:J16,"SC",SUPV!H3:H16,"<="&R64) -> 0 | Q67: =COUNTIFS(SUPV!J3:J16,"ST",SUPV!H3:H16,"<="&R64) -> 0 | R67: =SUM(O67:Q67) -> 0 | S67: =SUM(S66+K67+O67) -> 83 | T67: =SUM(T66+L67+P67) -> 26 | U67: =SUM(U66+M67+Q67) -> 7 | V67: =(N67+R67+V66) -> 116
A68: LPM | C68: =(F68-D68-E68) -> 79 | D68: =CEILING(F68*0.15,1) -> 16 | E68: =CEILING(F68*0.075,1) -> 8 | F68: 103 | G68: =SUM(COUNTIFS(North!C:C,"LPM",North!G:G,"UR"),COUNTIFS(South!C:C,"LPM",South!G:G,"UR"),COUNTIFS(BT!C:C,"LPM",BT!G:G,"UR"),COUNTIFS(KOAA!C:C,"LPM",KOAA!G:G,"UR"),COUNTIFS(NH!C:C,"LPM",NH!G:G,"UR"),COUNTIFS(DDJ!C:C,"LPM",DDJ!G:G,"UR"),COUNTIFS(RHA!C:C,"LPM",RHA!G:G,"UR"),COUNTIFS(CONV!C:C,"LPM",CONV!G:G,"UR")) -> 35 | H68: =SUM(COUNTIFS(North!C:C,"LPM",North!G:G,"SC"),COUNTIFS(South!C:C,"LPM",South!G:G,"SC"),COUNTIFS(BT!C:C,"LPM",BT!G:G,"SC"),COUNTIFS(KOAA!C:C,"LPM",KOAA!G:G,"SC"),COUNTIFS(NH!C:C,"LPM",NH!G:G,"SC"),COUNTIFS(DDJ!C:C,"LPM",DDJ!G:G,"SC"),COUNTIFS(RHA!C:C,"LPM",RHA!G:G,"SC"),COUNTIFS(CONV!C:C,"LPM",CONV!G:G,"SC")) -> 20 | I68: =SUM(COUNTIFS(North!C:C,"LPM",North!G:G,"ST"),COUNTIFS(South!C:C,"LPM",South!G:G,"ST"),COUNTIFS(BT!C:C,"LPM",BT!G:G,"ST"),COUNTIFS(KOAA!C:C,"LPM",KOAA!G:G,"ST"),COUNTIFS(NH!C:C,"LPM",NH!G:G,"ST"),COUNTIFS(DDJ!C:C,"LPM",DDJ!G:G,"ST"),COUNTIFS(RHA!C:C,"LPM",RHA!G:G,"ST"),COUNTIFS(CONV!C:C,"LPM",CONV!G:G,"ST")) -> 10 | J68: =SUM(G68:I68) -> 65 | K68: =(C68-G68) -> 44 | L68: =(D68-H68) -> -4 | M68: =(E68-I68) -> -2 | N68: =(F68-J68) -> 38 | O68: =SUM(COUNTIFS(North!C:C,"LPM",North!G:G,"UR",North!N:N,"<="&R64),COUNTIFS(South!C:C,"LPM",South!G:G,"UR",South!N:N,"<="&R64),COUNTIFS(BT!C:C,"LPM",BT!G:G,"UR",BT!N:N,"<="&R64),COUNTIFS(KOAA!C:C,"LPM",KOAA!G:G,"UR",KOAA!N:N,"<="&R64),COUNTIFS(NH!C:C,"LPM",NH!G:G,"UR",NH!N:N,"<="&R64),COUNTIFS(DDJ!C:C,"LPM",DDJ!G:G,"UR",DDJ!N:N,"<="&R64),COUNTIFS(RHA!C:C,"LPM",RHA!G:G,"UR",RHA!N:N,"<="&R64),COUNTIFS(CONV!C:C,"LPM",CONV!G:G,"UR",CONV!N:N,"<="&R64)) -> 0 | P68: =SUM(COUNTIFS(North!C:C,"LPM",North!G:G,"SC",North!N:N,"<="&R64),COUNTIFS(South!C:C,"LPM",South!G:G,"SC",South!N:N,"<="&R64),COUNTIFS(BT!C:C,"LPM",BT!G:G,"SC",BT!N:N,"<="&R64),COUNTIFS(KOAA!C:C,"LPM",KOAA!G:G,"SC",KOAA!N:N,"<="&R64),COUNTIFS(NH!C:C,"LPM",NH!G:G,"SC",NH!N:N,"<="&R64),COUNTIFS(DDJ!C:C,"LPM",DDJ!G:G,"SC",DDJ!N:N,"<="&R64),COUNTIFS(RHA!C:C,"LPM",RHA!G:G,"SC",RHA!N:N,"<="&R64),COUNTIFS(CONV!C:C,"LPM",CONV!G:G,"SC",CONV!N:N,"<="&R64)) -> 0 | Q68: =SUM(COUNTIFS(North!C:C,"LPM",North!G:G,"ST",North!N:N,"<="&R64),COUNTIFS(South!C:C,"LPM",South!G:G,"ST",South!N:N,"<="&R64),COUNTIFS(BT!C:C,"LPM",BT!G:G,"ST",BT!N:N,"<="&R64),COUNTIFS(KOAA!C:C,"LPM",KOAA!G:G,"ST",KOAA!N:N,"<="&R64),COUNTIFS(NH!C:C,"LPM",NH!G:G,"ST",NH!N:N,"<="&R64),COUNTIFS(DDJ!C:C,"LPM",DDJ!G:G,"ST",DDJ!N:N,"<="&R64),COUNTIFS(RHA!C:C,"LPM",RHA!G:G,"ST",RHA!N:N,"<="&R64),COUNTIFS(CONV!C:C,"LPM",CONV!G:G,"ST",CONV!N:N,"<="&R64)) -> 0 | R68: =SUM(O68:Q68) -> 0 | S68: =SUM(S67+K68+O68) -> 127 | T68: =SUM(T67+L68+P68) -> 22 | U68: =SUM(U67+M68+Q68) -> 5 | V68: =(N68+R68+V67) -> 154
A69: MOTORMAN | C69: =(F69-D69-E69) -> 407 | D69: =CEILING(F69*0.15,1) -> 80 | E69: =CEILING(F69*0.075,1) -> 40 | F69: 527 | G69: =SUM(COUNTIFS(North!C:C,"MOTORMAN",North!G:G,"UR"),COUNTIFS(South!C:C,"MOTORMAN",South!G:G,"UR"),COUNTIFS(BT!C:C,"MOTORMAN",BT!G:G,"UR"),COUNTIFS(KOAA!C:C,"MOTORMAN",KOAA!G:G,"UR"),COUNTIFS(NH!C:C,"MOTORMAN",NH!G:G,"UR"),COUNTIFS(DDJ!C:C,"MOTORMAN",DDJ!G:G,"UR"),COUNTIFS(RHA!C:C,"MOTORMAN",RHA!G:G,"UR"),COUNTIFS(CONV!C:C,"MOTORMAN",CONV!G:G,"UR")) -> 269 | H69: =SUM(COUNTIFS(North!C:C,"MOTORMAN",North!G:G,"SC"),COUNTIFS(South!C:C,"MOTORMAN",South!G:G,"SC"),COUNTIFS(BT!C:C,"MOTORMAN",BT!G:G,"SC"),COUNTIFS(KOAA!C:C,"MOTORMAN",KOAA!G:G,"SC"),COUNTIFS(NH!C:C,"MOTORMAN",NH!G:G,"SC"),COUNTIFS(DDJ!C:C,"MOTORMAN",DDJ!G:G,"SC"),COUNTIFS(RHA!C:C,"MOTORMAN",RHA!G:G,"SC"),COUNTIFS(CONV!C:C,"MOTORMAN",CONV!G:G,"SC")) -> 157 | I69: =SUM(COUNTIFS(North!C:C,"MOTORMAN",North!G:G,"ST"),COUNTIFS(South!C:C,"MOTORMAN",South!G:G,"ST"),COUNTIFS(BT!C:C,"MOTORMAN",BT!G:G,"ST"),COUNTIFS(KOAA!C:C,"MOTORMAN",KOAA!G:G,"ST"),COUNTIFS(NH!C:C,"MOTORMAN",NH!G:G,"ST"),COUNTIFS(DDJ!C:C,"MOTORMAN",DDJ!G:G,"ST"),COUNTIFS(RHA!C:C,"MOTORMAN",RHA!G:G,"ST"),COUNTIFS(CONV!C:C,"MOTORMAN",CONV!G:G,"ST")) -> 19 | J69: =SUM(G69:I69) -> 445 | K69: =(C69-G69) -> 138 | L69: =(D69-H69) -> -77 | M69: =(E69-I69) -> 21 | N69: =(F69-J69) -> 82 | O69: =SUM(COUNTIFS(North!C:C,"MOTORMAN",North!G:G,"UR",North!N:N,"<="&R64),COUNTIFS(South!C:C,"MOTORMAN",South!G:G,"UR",South!N:N,"<="&R64),COUNTIFS(BT!C:C,"MOTORMAN",BT!G:G,"UR",BT!N:N,"<="&R64),COUNTIFS(KOAA!C:C,"MOTORMAN",KOAA!G:G,"UR",KOAA!N:N,"<="&R64),COUNTIFS(NH!C:C,"MOTORMAN",NH!G:G,"UR",NH!N:N,"<="&R64),COUNTIFS(DDJ!C:C,"MOTORMAN",DDJ!G:G,"UR",DDJ!N:N,"<="&R64),COUNTIFS(RHA!C:C,"MOTORMAN",RHA!G:G,"UR",RHA!N:N,"<="&R64),COUNTIFS(CONV!C:C,"MOTORMAN",CONV!G:G,"UR",CONV!N:N,"<="&R64)) -> 0 | P69: =SUM(COUNTIFS(North!C:C,"MOTORMAN",North!G:G,"SC",North!N:N,"<="&R64),COUNTIFS(South!C:C,"MOTORMAN",South!G:G,"SC",South!N:N,"<="&R64),COUNTIFS(BT!C:C,"MOTORMAN",BT!G:G,"SC",BT!N:N,"<="&R64),COUNTIFS(KOAA!C:C,"MOTORMAN",KOAA!G:G,"SC",KOAA!N:N,"<="&R64),COUNTIFS(NH!C:C,"MOTORMAN",NH!G:G,"SC",NH!N:N,"<="&R64),COUNTIFS(DDJ!C:C,"MOTORMAN",DDJ!G:G,"SC",DDJ!N:N,"<="&R64),COUNTIFS(RHA!C:C,"MOTORMAN",RHA!G:G,"SC",RHA!N:N,"<="&R64),COUNTIFS(CONV!C:C,"MOTORMAN",CONV!G:G,"SC",CONV!N:N,"<="&R64)) -> 0 | Q69: =SUM(COUNTIFS(North!C:C,"MOTORMAN",North!G:G,"ST",North!N:N,"<="&R64),COUNTIFS(South!C:C,"MOTORMAN",South!G:G,"ST",South!N:N,"<="&R64),COUNTIFS(BT!C:C,"MOTORMAN",BT!G:G,"ST",BT!N:N,"<="&R64),COUNTIFS(KOAA!C:C,"MOTORMAN",KOAA!G:G,"ST",KOAA!N:N,"<="&R64),COUNTIFS(NH!C:C,"MOTORMAN",NH!G:G,"ST",NH!N:N,"<="&R64),COUNTIFS(DDJ!C:C,"MOTORMAN",DDJ!G:G,"ST",DDJ!N:N,"<="&R64),COUNTIFS(RHA!C:C,"MOTORMAN",RHA!G:G,"ST",RHA!N:N,"<="&R64),COUNTIFS(CONV!C:C,"MOTORMAN",CONV!G:G,"ST",CONV!N:N,"<="&R64)) -> 0 | R69: =SUM(O69:Q69) -> 0 | S69: =SUM(S68+K69+O69) -> 265 | T69: =SUM(T68+L69+P69) -> -55 | U69: =SUM(U68+M69+Q69) -> 26 | V69: =(N69+R69+V68) -> 236
A70: LP for metro railway | C70: =(F70-D70-E70) -> 68 | D70: =CEILING(F70*0.15,1) -> 14 | E70: =CEILING(F70*0.075,1) -> 7 | F70: 89 | G70: =COUNTIF('METRO '!C:C,"UR") -> 60 | H70: =COUNTIF('METRO '!C:C,"SC") -> 27 | I70: =COUNTIF('METRO '!C:C,"ST") -> 0 | J70: =SUM(G70:I70) -> 87 | K70: =(C70-G70) -> 8 | L70: =(D70-H70) -> -13 | M70: =(E70-I70) -> 7 | N70: =(F70-J70) -> 2 | O70: =COUNTIFS('METRO '!C:C,"UR",'METRO '!G:G,"<="&R64) -> 0 | P70: =COUNTIFS('METRO '!C:C,"SC",'METRO '!G:G,"<="&R64) -> 0 | Q70: =COUNTIFS('METRO '!C:C,"ST",'METRO '!G:G,"<="&R64) -> 0 | R70: =SUM(O70:Q70) -> 0 | S70: =SUM(S69+K70+O70) -> 273 | T70: =SUM(T69+L70+P70) -> -68 | U70: =SUM(U69+M70+Q70) -> 33 | V70: =(N70+R70+V69) -> 238
A71: LPP(LOCO) | C71: =(F71-D71-E71) -> 10 | D71: =CEILING(F71*0.15,1) -> 3 | E71: =CEILING(F71*0.075,1) -> 2 | F71: 15 | G71: =SUM(COUNTIFS(North!C:C,"LPP(LOCO)",North!G:G,"UR"),COUNTIFS(South!C:C,"LPP(LOCO)",South!G:G,"UR"),COUNTIFS(BT!C:C,"LPP(LOCO)",BT!G:G,"UR"),COUNTIFS(KOAA!C:C,"LPP(LOCO)",KOAA!G:G,"UR"),COUNTIFS(NH!C:C,"LPP(LOCO)",NH!G:G,"UR"),COUNTIFS(DDJ!C:C,"LPP(LOCO)",DDJ!G:G,"UR"),COUNTIFS(RHA!C:C,"LPP(LOCO)",RHA!G:G,"UR"),COUNTIFS(CONV!C:C,"LPP(LOCO)",CONV!G:G,"UR")) -> 8 | H71: =SUM(COUNTIFS(North!C:C,"LPP(LOCO)",North!G:G,"SC"),COUNTIFS(South!C:C,"LPP(LOCO)",South!G:G,"SC"),COUNTIFS(BT!C:C,"LPP(LOCO)",BT!G:G,"SC"),COUNTIFS(KOAA!C:C,"LPP(LOCO)",KOAA!G:G,"SC"),COUNTIFS(NH!C:C,"LPP(LOCO)",NH!G:G,"SC"),COUNTIFS(DDJ!C:C,"LPP(LOCO)",DDJ!G:G,"SC"),COUNTIFS(RHA!C:C,"LPP(LOCO)",RHA!G:G,"SC"),COUNTIFS(CONV!C:C,"LPP(LOCO)",CONV!G:G,"SC")) -> 5 | I71: =SUM(COUNTIFS(North!C:C,"LPP(LOCO)",North!G:G,"ST"),COUNTIFS(South!C:C,"LPP(LOCO)",South!G:G,"ST"),COUNTIFS(BT!C:C,"LPP(LOCO)",BT!G:G,"ST"),COUNTIFS(KOAA!C:C,"LPP(LOCO)",KOAA!G:G,"ST"),COUNTIFS(NH!C:C,"LPP(LOCO)",NH!G:G,"ST"),COUNTIFS(DDJ!C:C,"LPP(LOCO)",DDJ!G:G,"ST"),COUNTIFS(RHA!C:C,"LPP(LOCO)",RHA!G:G,"ST"),COUNTIFS(CONV!C:C,"LPP(LOCO)",CONV!G:G,"ST")) -> 0 | J71: =SUM(G71:I71) -> 13 | K71: =(C71-G71) -> 2 | L71: =(D71-H71) -> -2 | M71: =(E71-I71) -> 2 | N71: =(F71-J71) -> 2 | O71: =SUM(COUNTIFS(North!C:C,"LPP(LOCO)",North!G:G,"UR",North!N:N,"<="&R64),COUNTIFS(South!C:C,"LPP(LOCO)",South!G:G,"UR",South!N:N,"<="&R64),COUNTIFS(BT!C:C,"LPP(LOCO)",BT!G:G,"UR",BT!N:N,"<="&R64),COUNTIFS(KOAA!C:C,"LPP(LOCO)",KOAA!G:G,"UR",KOAA!N:N,"<="&R64),COUNTIFS(NH!C:C,"LPP(LOCO)",NH!G:G,"UR",NH!N:N,"<="&R64),COUNTIFS(DDJ!C:C,"LPP(LOCO)",DDJ!G:G,"UR",DDJ!N:N,"<="&R64),COUNTIFS(RHA!C:C,"LPP(LOCO)",RHA!G:G,"UR",RHA!N:N,"<="&R64),COUNTIFS(CONV!C:C,"LPP(LOCO)",CONV!G:G,"UR",CONV!N:N,"<="&R64)) -> 0 | P71: =SUM(COUNTIFS(North!C:C,"LPP(LOCO)",North!G:G,"SC",North!N:N,"<="&R64),COUNTIFS(South!C:C,"LPP(LOCO)",South!G:G,"SC",South!N:N,"<="&R64),COUNTIFS(BT!C:C,"LPP(LOCO)",BT!G:G,"SC",BT!N:N,"<="&R64),COUNTIFS(KOAA!C:C,"LPP(LOCO)",KOAA!G:G,"SC",KOAA!N:N,"<="&R64),COUNTIFS(NH!C:C,"LPP(LOCO)",NH!G:G,"SC",NH!N:N,"<="&R64),COUNTIFS(DDJ!C:C,"LPP(LOCO)",DDJ!G:G,"SC",DDJ!N:N,"<="&R64),COUNTIFS(RHA!C:C,"LPP(LOCO)",RHA!G:G,"SC",RHA!N:N,"<="&R64),COUNTIFS(CONV!C:C,"LPP(LOCO)",CONV!G:G,"SC",CONV!N:N,"<="&R64)) -> 0 | Q71: =SUM(COUNTIFS(North!C:C,"LPP(LOCO)",North!G:G,"ST",North!N:N,"<="&R64),COUNTIFS(South!C:C,"LPP(LOCO)",South!G:G,"ST",South!N:N,"<="&R64),COUNTIFS(BT!C:C,"LPP(LOCO)",BT!G:G,"ST",BT!N:N,"<="&R64),COUNTIFS(KOAA!C:C,"LPP(LOCO)",KOAA!G:G,"ST",KOAA!N:N,"<="&R64),COUNTIFS(NH!C:C,"LPP(LOCO)",NH!G:G,"ST",NH!N:N,"<="&R64),COUNTIFS(DDJ!C:C,"LPP(LOCO)",DDJ!G:G,"ST",DDJ!N:N,"<="&R64),COUNTIFS(RHA!C:C,"LPP(LOCO)",RHA!G:G,"ST",RHA!N:N,"<="&R64),COUNTIFS(CONV!C:C,"LPP(LOCO)",CONV!G:G,"ST",CONV!N:N,"<="&R64)) -> 0 | R71: =SUM(O71:Q71) -> 0 | S71: =SUM(S70+K71+O71) -> 275 | T71: =SUM(T70+L71+P71) -> -70 | U71: =SUM(U70+M71+Q71) -> 35 | V71: =(N71+R71+V70) -> 240
A72: LPG | C72: =(F72-D72-E72) -> 248 | D72: =CEILING(F72*0.15,1) -> 48 | E72: =CEILING(F72*0.075,1) -> 24 | F72: 320 | G72: =SUM(COUNTIFS(North!C:C,"LPG",North!G:G,"UR"),COUNTIFS(South!C:C,"LPG",South!G:G,"UR"),COUNTIFS(BT!C:C,"LPG",BT!G:G,"UR"),COUNTIFS(KOAA!C:C,"LPG",KOAA!G:G,"UR"),COUNTIFS(NH!C:C,"LPG",NH!G:G,"UR"),COUNTIFS(DDJ!C:C,"LPG",DDJ!G:G,"UR"),COUNTIFS(RHA!C:C,"LPG",RHA!G:G,"UR"),COUNTIFS(CONV!C:C,"LPG",CONV!G:G,"UR")) -> 116 | H72: =SUM(COUNTIFS(North!C:C,"LPG",North!G:G,"SC"),COUNTIFS(South!C:C,"LPG",South!G:G,"SC"),COUNTIFS(BT!C:C,"LPG",BT!G:G,"SC"),COUNTIFS(KOAA!C:C,"LPG",KOAA!G:G,"SC"),COUNTIFS(NH!C:C,"LPG",NH!G:G,"SC"),COUNTIFS(DDJ!C:C,"LPG",DDJ!G:G,"SC"),COUNTIFS(RHA!C:C,"LPG",RHA!G:G,"SC"),COUNTIFS(CONV!C:C,"LPG",CONV!G:G,"SC")) -> 164 | I72: =SUM(COUNTIFS(North!C:C,"LPG",North!G:G,"ST"),COUNTIFS(South!C:C,"LPG",South!G:G,"ST"),COUNTIFS(BT!C:C,"LPG",BT!G:G,"ST"),COUNTIFS(KOAA!C:C,"LPG",KOAA!G:G,"ST"),COUNTIFS(NH!C:C,"LPG",NH!G:G,"ST"),COUNTIFS(DDJ!C:C,"LPG",DDJ!G:G,"ST"),COUNTIFS(RHA!C:C,"LPG",RHA!G:G,"ST"),COUNTIFS(CONV!C:C,"LPG",CONV!G:G,"ST")) -> 13 | J72: =SUM(G72:I72) -> 293 | K72: =(C72-G72) -> 132 | L72: =(D72-H72) -> -116 | M72: =(E72-I72) -> 11 | N72: =(F72-J72) -> 27 | O72: =SUM(COUNTIFS(North!C:C,"LPG",North!G:G,"UR",North!N:N,"<="&R64),COUNTIFS(South!C:C,"LPG",South!G:G,"UR",South!N:N,"<="&R64),COUNTIFS(BT!C:C,"LPG",BT!G:G,"UR",BT!N:N,"<="&R64),COUNTIFS(KOAA!C:C,"LPG",KOAA!G:G,"UR",KOAA!N:N,"<="&R64),COUNTIFS(NH!C:C,"LPG",NH!G:G,"UR",NH!N:N,"<="&R64),COUNTIFS(DDJ!C:C,"LPG",DDJ!G:G,"UR",DDJ!N:N,"<="&R64),COUNTIFS(RHA!C:C,"LPG",RHA!G:G,"UR",RHA!N:N,"<="&R64),COUNTIFS(CONV!C:C,"LPG",CONV!G:G,"UR",CONV!N:N,"<="&R64)) -> 0 | P72: =SUM(COUNTIFS(North!C:C,"LPG",North!G:G,"SC",North!N:N,"<="&R64),COUNTIFS(South!C:C,"LPG",South!G:G,"SC",South!N:N,"<="&R64),COUNTIFS(BT!C:C,"LPG",BT!G:G,"SC",BT!N:N,"<="&R64),COUNTIFS(KOAA!C:C,"LPG",KOAA!G:G,"SC",KOAA!N:N,"<="&R64),COUNTIFS(NH!C:C,"LPG",NH!G:G,"SC",NH!N:N,"<="&R64),COUNTIFS(DDJ!C:C,"LPG",DDJ!G:G,"SC",DDJ!N:N,"<="&R64),COUNTIFS(RHA!C:C,"LPG",RHA!G:G,"SC",RHA!N:N,"<="&R64),COUNTIFS(CONV!C:C,"LPG",CONV!G:G,"SC",CONV!N:N,"<="&R64)) -> 0 | Q72: =SUM(COUNTIFS(North!C:C,"LPG",North!G:G,"ST",North!N:N,"<="&R64),COUNTIFS(South!C:C,"LPG",South!G:G,"ST",South!N:N,"<="&R64),COUNTIFS(BT!C:C,"LPG",BT!G:G,"ST",BT!N:N,"<="&R64),COUNTIFS(KOAA!C:C,"LPG",KOAA!G:G,"ST",KOAA!N:N,"<="&R64),COUNTIFS(NH!C:C,"LPG",NH!G:G,"ST",NH!N:N,"<="&R64),COUNTIFS(DDJ!C:C,"LPG",DDJ!G:G,"ST",DDJ!N:N,"<="&R64),COUNTIFS(RHA!C:C,"LPG",RHA!G:G,"ST",RHA!N:N,"<="&R64),COUNTIFS(CONV!C:C,"LPG",CONV!G:G,"ST",CONV!N:N,"<="&R64)) -> 0 | R72: =SUM(O72:Q72) -> 0 | S72: =SUM(S71+K72+O72) -> 407 | T72: =SUM(T71+L72+P72) -> -186 | U72: =SUM(U71+M72+Q72) -> 46 | V72: =(N72+R72+V71) -> 267
A73: LPS | C73: =(F73-D73-E73) -> 257 | D73: =CEILING(F73*0.15,1) -> 51 | E73: =CEILING(F73*0.075,1) -> 26 | F73: 334 | G73: =SUM(COUNTIFS(North!C:C,"LPS",North!G:G,"UR"),COUNTIFS(South!C:C,"LPS",South!G:G,"UR"),COUNTIFS(BT!C:C,"LPS",BT!G:G,"UR"),COUNTIFS(KOAA!C:C,"LPS",KOAA!G:G,"UR"),COUNTIFS(NH!C:C,"LPS",NH!G:G,"UR"),COUNTIFS(DDJ!C:C,"LPS",DDJ!G:G,"UR"),COUNTIFS(RHA!C:C,"LPS",RHA!G:G,"UR"),COUNTIFS(CONV!C:C,"LPS",CONV!G:G,"UR")) -> 159 | H73: =SUM(COUNTIFS(North!C:C,"LPS",North!G:G,"SC"),COUNTIFS(South!C:C,"LPS",South!G:G,"SC"),COUNTIFS(BT!C:C,"LPS",BT!G:G,"SC"),COUNTIFS(KOAA!C:C,"LPS",KOAA!G:G,"SC"),COUNTIFS(NH!C:C,"LPS",NH!G:G,"SC"),COUNTIFS(DDJ!C:C,"LPS",DDJ!G:G,"SC"),COUNTIFS(RHA!C:C,"LPS",RHA!G:G,"SC"),COUNTIFS(CONV!C:C,"LPS",CONV!G:G,"SC")) -> 43 | I73: =SUM(COUNTIFS(North!C:C,"LPS",North!G:G,"ST"),COUNTIFS(South!C:C,"LPS",South!G:G,"ST"),COUNTIFS(BT!C:C,"LPS",BT!G:G,"ST"),COUNTIFS(KOAA!C:C,"LPS",KOAA!G:G,"ST"),COUNTIFS(NH!C:C,"LPS",NH!G:G,"ST"),COUNTIFS(DDJ!C:C,"LPS",DDJ!G:G,"ST"),COUNTIFS(RHA!C:C,"LPS",RHA!G:G,"ST"),COUNTIFS(CONV!C:C,"LPG",CONV!G:G,"ST")) -> 12 | J73: =SUM(G73:I73) -> 214 | K73: =(C73-G73) -> 98 | L73: =(D73-H73) -> 8 | M73: =(E73-I73) -> 14 | N73: =(F73-J73) -> 120 | O73: =SUM(COUNTIFS(North!C:C,"LPS",North!G:G,"UR",North!N:N,"<="&R64),COUNTIFS(South!C:C,"LPS",South!G:G,"UR",South!N:N,"<="&R64),COUNTIFS(BT!C:C,"LPS",BT!G:G,"UR",BT!N:N,"<="&R64),COUNTIFS(KOAA!C:C,"LPS",KOAA!G:G,"UR",KOAA!N:N,"<="&R64),COUNTIFS(NH!C:C,"LPS",NH!G:G,"UR",NH!N:N,"<="&R64),COUNTIFS(DDJ!C:C,"LPS",DDJ!G:G,"UR",DDJ!N:N,"<="&R64),COUNTIFS(RHA!C:C,"LPS",RHA!G:G,"UR",RHA!N:N,"<="&R64),COUNTIFS(CONV!C:C,"LPS",CONV!G:G,"UR",CONV!N:N,"<="&R64)) -> 0 | P73: =SUM(COUNTIFS(North!C:C,"LPS",North!G:G,"SC",North!N:N,"<="&R64),COUNTIFS(South!C:C,"LPS",South!G:G,"SC",South!N:N,"<="&R64),COUNTIFS(BT!C:C,"LPS",BT!G:G,"SC",BT!N:N,"<="&R64),COUNTIFS(KOAA!C:C,"LPS",KOAA!G:G,"SC",KOAA!N:N,"<="&R64),COUNTIFS(NH!C:C,"LPS",NH!G:G,"SC",NH!N:N,"<="&R64),COUNTIFS(DDJ!C:C,"LPS",DDJ!G:G,"SC",DDJ!N:N,"<="&R64),COUNTIFS(RHA!C:C,"LPS",RHA!G:G,"SC",RHA!N:N,"<="&R64),COUNTIFS(CONV!C:C,"LPS",CONV!G:G,"SC",CONV!N:N,"<="&R64)) -> 0 | Q73: =SUM(COUNTIFS(North!C:C,"LPS",North!G:G,"ST",North!N:N,"<="&R64),COUNTIFS(South!C:C,"LPS",South!G:G,"ST",South!N:N,"<="&R64),COUNTIFS(BT!C:C,"LPS",BT!G:G,"ST",BT!N:N,"<="&R64),COUNTIFS(KOAA!C:C,"LPS",KOAA!G:G,"ST",KOAA!N:N,"<="&R64),COUNTIFS(NH!C:C,"LPS",NH!G:G,"ST",NH!N:N,"<="&R64),COUNTIFS(DDJ!C:C,"LPS",DDJ!G:G,"ST",DDJ!N:N,"<="&R64),COUNTIFS(RHA!C:C,"LPS",RHA!G:G,"ST",RHA!N:N,"<="&R64),COUNTIFS(CONV!C:C,"LPS",CONV!G:G,"ST",CONV!N:N,"<="&R64)) -> 0 | R73: =SUM(O73:Q73) -> 0 | S73: =SUM(S72+K73+O73) -> 505 | T73: =SUM(T72+L73+P73) -> -178 | U73: =SUM(U72+M73+Q73) -> 60 | V73: =(N73+R73+V72) -> 387
A74: ALP | C74: =(F74-D74-E74) -> 371 | D74: =CEILING(F74*0.15,1) -> 73 | E74: =CEILING(F74*0.075,1) -> 37 | F74: 481 | G74: =SUM(COUNTIFS(North!C:C,"ALP",North!G:G,"UR"),COUNTIFS(South!C:C,"ALP",South!G:G,"UR"),COUNTIFS(BT!C:C,"ALP",BT!G:G,"UR"),COUNTIFS(KOAA!C:C,"ALP",KOAA!G:G,"UR"),COUNTIFS(NH!C:C,"ALP",NH!G:G,"UR"),COUNTIFS(DDJ!C:C,"ALP",DDJ!G:G,"UR"),COUNTIFS(RHA!C:C,"ALP",RHA!G:G,"UR"),COUNTIFS(CONV!C:C,"ALP",CONV!G:G,"UR")) -> 217 | H74: =SUM(COUNTIFS(North!C:C,"ALP",North!G:G,"SC"),COUNTIFS(South!C:C,"ALP",South!G:G,"SC"),COUNTIFS(BT!C:C,"ALP",BT!G:G,"SC"),COUNTIFS(KOAA!C:C,"ALP",KOAA!G:G,"SC"),COUNTIFS(NH!C:C,"ALP",NH!G:G,"SC"),COUNTIFS(DDJ!C:C,"ALP",DDJ!G:G,"SC"),COUNTIFS(RHA!C:C,"ALP",RHA!G:G,"SC"),COUNTIFS(CONV!C:C,"ALP",CONV!G:G,"SC")) -> 88 | I74: =SUM(COUNTIFS(North!C:C,"ALP",North!G:G,"ST"),COUNTIFS(South!C:C,"ALP",South!G:G,"ST"),COUNTIFS(BT!C:C,"ALP",BT!G:G,"ST"),COUNTIFS(KOAA!C:C,"ALP",KOAA!G:G,"ST"),COUNTIFS(NH!C:C,"ALP",NH!G:G,"ST"),COUNTIFS(DDJ!C:C,"ALP",DDJ!G:G,"ST"),COUNTIFS(RHA!C:C,"ALP",RHA!G:G,"ST"),COUNTIFS(CONV!C:C,"ALP",CONV!G:G,"ST")) -> 8 | J74: =SUM(G74:I74) -> 313 | K74: =(C74-G74) -> 154 | L74: =(D74-H74) -> -15 | M74: =(E74-I74) -> 29 | N74: =(F74-J74) -> 168 | O74: =SUM(COUNTIFS(North!C:C,"ALP",North!G:G,"UR",North!N:N,"<="&R64),COUNTIFS(South!C:C,"ALP",South!G:G,"UR",South!N:N,"<="&R64),COUNTIFS(BT!C:C,"ALP",BT!G:G,"UR",BT!N:N,"<="&R64),COUNTIFS(KOAA!C:C,"ALP",KOAA!G:G,"UR",KOAA!N:N,"<="&R64),COUNTIFS(NH!C:C,"ALP",NH!G:G,"UR",NH!N:N,"<="&R64),COUNTIFS(DDJ!C:C,"ALP",DDJ!G:G,"UR",DDJ!N:N,"<="&R64),COUNTIFS(RHA!C:C,"ALP",RHA!G:G,"UR",RHA!N:N,"<="&R64),COUNTIFS(CONV!C:C,"ALP",CONV!G:G,"UR",CONV!N:N,"<="&R64)) -> 0 | P74: =SUM(COUNTIFS(North!C:C,"ALP",North!G:G,"SC",North!N:N,"<="&R64),COUNTIFS(South!C:C,"ALP",South!G:G,"SC",South!N:N,"<="&R64),COUNTIFS(BT!C:C,"ALP",BT!G:G,"SC",BT!N:N,"<="&R64),COUNTIFS(KOAA!C:C,"ALP",KOAA!G:G,"SC",KOAA!N:N,"<="&R64),COUNTIFS(NH!C:C,"ALP",NH!G:G,"SC",NH!N:N,"<="&R64),COUNTIFS(DDJ!C:C,"ALP",DDJ!G:G,"SC",DDJ!N:N,"<="&R64),COUNTIFS(RHA!C:C,"ALP",RHA!G:G,"SC",RHA!N:N,"<="&R64),COUNTIFS(CONV!C:C,"ALP",CONV!G:G,"SC",CONV!N:N,"<="&R64)) -> 0 | Q74: =SUM(COUNTIFS(North!C:C,"ALP",North!G:G,"ST",North!N:N,"<="&R64),COUNTIFS(South!C:C,"ALP",South!G:G,"ST",South!N:N,"<="&R64),COUNTIFS(BT!C:C,"ALP",BT!G:G,"ST",BT!N:N,"<="&R64),COUNTIFS(KOAA!C:C,"ALP",KOAA!G:G,"ST",KOAA!N:N,"<="&R64),COUNTIFS(NH!C:C,"ALP",NH!G:G,"ST",NH!N:N,"<="&R64),COUNTIFS(DDJ!C:C,"ALP",DDJ!G:G,"ST",DDJ!N:N,"<="&R64),COUNTIFS(RHA!C:C,"ALP",RHA!G:G,"ST",RHA!N:N,"<="&R64),COUNTIFS(CONV!C:C,"ALP",CONV!G:G,"ST",CONV!N:N,"<="&R64)) -> 0 | R74: =SUM(O74:Q74) -> 0 | S74: =SUM(S73+K74+O74) -> 659 | T74: =SUM(T73+L74+P74) -> -193 | U74: =SUM(U73+M74+Q74) -> 89 | V74: =(N74+R74+V73) -> 555
A75: TOTAL | C75: =SUM(C66:C74) -> 1576 | D75: =SUM(D66:D74) -> 312 | E75: =SUM(E66:E74) -> 158 | F75: =SUM(F66:F74) -> 2046 | G75: =SUM(G66:G74) -> 917 | H75: =SUM(H66:H74) -> 505 | I75: =SUM(I66:I74) -> 69 | J75: =SUM(G75:I75) -> 1491 | K75: =(C75-G75) -> 659 | L75: =(D75-H75) -> -193 | M75: =(E75-I75) -> 89 | N75: =(F75-J75) -> 555 | O75: =SUM(O66:O74) -> 0 | P75: =SUM(P66:P74) -> 0 | Q75: =SUM(Q66:Q74) -> 0 | R75: =SUM(R66:R74) -> 0
A78: SUMMARY OF PSYCHO TEST
A79: Category | B79: MOR | C79: SUITABLE | D79: NOT SUITABLE
A80: LPM | B80: =SUM(COUNTIF(North!C:C,"LPM"),COUNTIF(KOAA!C:C,"LPM")) -> 50 | C80: =SUM(COUNTIFS(North!C:C,"LPM",North!Z:Z,"SUITABLE"),COUNTIFS(KOAA!C:C,"LPM",KOAA!Z:Z,"SUITABLE")) -> 11 | D80: =B80-C80 -> 39
A82: LPP(LOCO) | B82: =SUM(COUNTIF(North!C:C,"LPP(LOCO)"),COUNTIF(KOAA!C:C,"LPP(LOCO)")) -> 11 | C82: =SUM(COUNTIFS(North!C:C,"LPP(LOCO)",North!Z:Z,"SUITABLE"),COUNTIFS(KOAA!C:C,"LPP(LOCO)",KOAA!Z:Z,"SUITABLE")) -> 0 | D82: =B82-C82 -> 11
A83: Details | C83: https://docs.google.com/spreadsheets/d/1p53P7R4iR_RZM8DbmJhX9kd47T4xPR9ByN6rXBHMUvY/edit?usp=sharing
A85: Miscellaneous Crew | C85: https://docs.google.com/spreadsheets/d/14bLgpV-mLjdR8grF44xNiGQu_-TJh4EGNWIxttFd9_A/edit?usp=sharing
A86: DSL CLI DISTRIBUTION
H105: =IF(ISBLANK(Q8),"0",ifS(Q105<=TODAY(),"expired",(Q105-(TODAY()-1))>15,"ALIVE",(Q105-(TODAY()-1))<=15,"EXPIRED SOON")) -> #NAME? | Q105: 45119
Q116: NORTH | R116: SOUTH | S116: KOAA | T116: DDJ | U116: NH | V116: BT | W116: RHA | X116: TOTAL
P117: AMITAV TARAFDER | Q117: =SUM(COUNTIF(North!L:L,"AMITAV TARAFDER"),COUNTIFS(CONV!K:K,"CC(R) NORTH",CONV!L:L,"AMITAV TARAFDER",CONV!R:R,"ELECT")) -> 11 | R117: =SUM(COUNTIF(South!L:L,"AMITAV TARAFDER"),COUNTIFS(CONV!K:K,"CC(R) SOUTH",CONV!L:L,"AMITAV TARAFDER",CONV!R:R,"ELECT")) -> 6 | S117: =SUM(COUNTIF(KOAA!L:L,"AMITAV TARAFDER"),COUNTIFS(CONV!K:K,"CC(R) KOAA",CONV!L:L,"AMITAV TARAFDER",CONV!R:R,"ELECT")) -> 5 | T117: =SUM(COUNTIF(DDJ!L:L,"AMITAV TARAFDER"),COUNTIFS(CONV!K:K,"CC(R) DDJ",CONV!L:L,"AMITAV TARAFDER",CONV!R:R,"ELECT")) -> 13 | U117: =SUM(COUNTIF(NH!L:L,"AMITAV TARAFDER"),COUNTIFS(CONV!K:K,"CC(R) NH",CONV!L:L,"AMITAV TARAFDER",CONV!R:R,"ELECT")) -> 3 | V117: =SUM(COUNTIF(BT!L:L,"AMITAV TARAFDER"),COUNTIFS(CONV!K:K,"CC(R) BT",CONV!L:L,"AMITAV TARAFDER",CONV!R:R,"ELECT")) -> 24 | W117: =SUM(COUNTIF(RHA!L:L,"AMITAV TARAFDER"),COUNTIFS(CONV!K:K,"CC(R) RHA",CONV!L:L,"AMITAV TARAFDER",CONV!R:R,"ELECT")) -> 0 | X117: =SUM(Q117:W117) -> 62
P118: A C JHA | Q118: =SUM(COUNTIF(North!L:L,"A C JHA"),COUNTIFS(CONV!K:K,"CC(R) NORTH",CONV!L:L,"A C JHA",CONV!R:R,"ELECT")) -> 0 | R118: =SUM(COUNTIF(South!L:L,"A C JHA"),COUNTIFS(CONV!K:K,"CC(R) SOUTH",CONV!L:L,"A C JHA",CONV!R:R,"ELECT")) -> 0 | S118: =SUM(COUNTIF(KOAA!L:L,"A C JHA"),COUNTIFS(CONV!K:K,"CC(R) KOAA",CONV!L:L,"A C JHA",CONV!R:R,"ELECT")) -> 0 | T118: =SUM(COUNTIF(DDJ!L:L,"A C JHA"),COUNTIFS(CONV!K:K,"CC(R) DDJ",CONV!L:L,"A C JHA",CONV!R:R,"ELECT")) -> 0 | U118: =SUM(COUNTIF(NH!L:L,"A C JHA"),COUNTIFS(CONV!K:K,"CC(R) NH",CONV!L:L,"A C JHA",CONV!R:R,"ELECT")) -> 0 | V118: =SUM(COUNTIF(BT!L:L,"A C JHA"),COUNTIFS(CONV!K:K,"CC(R) BT",CONV!L:L,"A C JHA",CONV!R:R,"ELECT")) -> 0 | W118: =SUM(COUNTIF(RHA!L:L,"A C JHA"),COUNTIFS(CONV!K:K,"CC(R) RHA",CONV!L:L,"A C JHA",CONV!R:R,"ELECT")) -> 0 | X118: =SUM(Q118:W118) -> 0
P119: ANIMESH SARKAR | Q119: =SUM(COUNTIF(North!L:L,"ANIMESH SARKAR"),COUNTIFS(CONV!K:K,"CC(R) NORTH",CONV!L:L,"ANIMESH SARKAR",CONV!R:R,"ELECT")) -> 0 | R119: =SUM(COUNTIF(South!L:L,"ANIMESH SARKAR"),COUNTIFS(CONV!K:K,"CC(R) SOUTH",CONV!L:L,"ANIMESH SARKAR",CONV!R:R,"ELECT")) -> 0 | S119: =SUM(COUNTIF(KOAA!L:L,"ANIMESH SARKAR"),COUNTIFS(CONV!K:K,"CC(R) KOAA",CONV!L:L,"ANIMESH SARKAR",CONV!R:R,"ELECT")) -> 0 | T119: =SUM(COUNTIF(DDJ!L:L,"ANIMESH SARKAR"),COUNTIFS(CONV!K:K,"CC(R) DDJ",CONV!L:L,"ANIMESH SARKAR",CONV!R:R,"ELECT")) -> 0 | U119: =SUM(COUNTIF(NH!L:L,"ANIMESH SARKAR"),COUNTIFS(CONV!K:K,"CC(R) NH",CONV!L:L,"ANIMESH SARKAR",CONV!R:R,"ELECT")) -> 0 | V119: =SUM(COUNTIF(BT!L:L,"ANIMESH SARKAR"),COUNTIFS(CONV!K:K,"CC(R) BT",CONV!L:L,"ANIMESH SARKAR",CONV!R:R,"ELECT")) -> 0 | W119: =SUM(COUNTIF(RHA!L:L,"ANIMESH SARKAR"),COUNTIFS(CONV!K:K,"CC(R) RHA",CONV!L:L,"ANIMESH SARKAR",CONV!R:R,"ELECT")) -> 0 | X119: =SUM(Q119:W119) -> 0
P120: BHABOTOSH BHOWMICK | Q120: =SUM(COUNTIF(North!L:L,"B.BHOWMICK"),COUNTIFS(CONV!K:K,"CC(R) NORTH",CONV!L:L,"B.BHOWMICK",CONV!R:R,"ELECT")) -> 0 | R120: =SUM(COUNTIF(South!L:L,"B.BHOWMICK"),COUNTIFS(CONV!K:K,"CC(R) SOUTH",CONV!L:L,"B.BHOWMICK",CONV!R:R,"ELECT")) -> 0 | S120: =SUM(COUNTIF(KOAA!L:L,"B.BHOWMICK"),COUNTIFS(CONV!K:K,"CC(R) KOAA",CONV!L:L,"B.BHOWMICK",CONV!R:R,"ELECT")) -> 0 | T120: =SUM(COUNTIF(DDJ!L:L,"B.BHOWMICK"),COUNTIFS(CONV!K:K,"CC(R) DDJ",CONV!L:L,"B.BHOWMICK",CONV!R:R,"ELECT")) -> 0 | U120: =SUM(COUNTIF(NH!L:L,"B.BHOWMICK"),COUNTIFS(CONV!K:K,"CC(R) NH",CONV!L:L,"B.BHOWMICK",CONV!R:R,"ELECT")) -> 0 | V120: =SUM(COUNTIF(BT!L:L,"B.BHOWMICK"),COUNTIFS(CONV!K:K,"CC(R) BT",CONV!L:L,"B.BHOWMICK",CONV!R:R,"ELECT")) -> 0 | W120: =SUM(COUNTIF(RHA!L:L,"B.BHOWMICK"),COUNTIFS(CONV!K:K,"CC(R) RHA",CONV!L:L,"B.BHOWMICK",CONV!R:R,"ELECT")) -> 0 | X120: =SUM(Q120:W120) -> 0
P121: BHAIDAR SINGH | Q121: =SUM(COUNTIF(North!L:L,"BAIDHAR SINGH"),COUNTIFS(CONV!K:K,"CC(R) NORTH",CONV!L:L,"BAIDHAR SINGH",CONV!R:R,"ELECT")) -> 0 | R121: =SUM(COUNTIF(South!L:L,"BAIDHAR SINGH"),COUNTIFS(CONV!K:K,"CC(R) SOUTH",CONV!L:L,"BAIDHAR SINGH",CONV!R:R,"ELECT")) -> 0 | S121: =SUM(COUNTIF(KOAA!L:L,"BAIDHAR SINGH"),COUNTIFS(CONV!K:K,"CC(R) KOAA",CONV!L:L,"BAIDHAR SINGH",CONV!R:R,"ELECT")) -> 0 | T121: =SUM(COUNTIF(DDJ!L:L,"BAIDHAR SINGH"),COUNTIFS(CONV!K:K,"CC(R) DDJ",CONV!L:L,"BAIDHAR SINGH",CONV!R:R,"ELECT")) -> 0 | U121: =SUM(COUNTIF(NH!L:L,"BAIDHAR SINGH"),COUNTIFS(CONV!K:K,"CC(R) NH",CONV!L:L,"BAIDHAR SINGH",CONV!R:R,"ELECT")) -> 0 | V121: =SUM(COUNTIF(BT!L:L,"BAIDHAR SINGH"),COUNTIFS(CONV!K:K,"CC(R) BT",CONV!L:L,"BAIDHAR SINGH",CONV!R:R,"ELECT")) -> 0 | W121: =SUM(COUNTIF(RHA!L:L,"BAIDHAR SINGH"),COUNTIFS(CONV!K:K,"CC(R) RHA",CONV!L:L,"BAIDHAR SINGH",CONV!R:R,"ELECT")) -> 0 | X121: =SUM(Q121:W121) -> 0
P122: DULAL DAS | Q122: =SUM(COUNTIF(North!L:L,"DULAL DAS"),COUNTIFS(CONV!K:K,"CC(R) NORTH",CONV!L:L,"DULAL DAS",CONV!R:R,"ELECT")) -> 0 | R122: =SUM(COUNTIF(South!L:L,"DULAL DAS"),COUNTIFS(CONV!K:K,"CC(R) SOUTH",CONV!L:L,"DULAL DAS",CONV!R:R,"ELECT")) -> 0 | S122: =SUM(COUNTIF(KOAA!L:L,"DULAL DAS"),COUNTIFS(CONV!K:K,"CC(R) KOAA",CONV!L:L,"DULAL DAS",CONV!R:R,"ELECT")) -> 0 | T122: =SUM(COUNTIF(DDJ!L:L,"DULAL DAS"),COUNTIFS(CONV!K:K,"CC(R) DDJ",CONV!L:L,"DULAL DAS",CONV!R:R,"ELECT")) -> 0 | U122: =SUM(COUNTIF(NH!L:L,"DULAL DAS"),COUNTIFS(CONV!K:K,"CC(R) NH",CONV!L:L,"DULAL DAS",CONV!R:R,"ELECT")) -> 0 | V122: =SUM(COUNTIF(BT!L:L,"DULAL DAS"),COUNTIFS(CONV!K:K,"CC(R) BT",CONV!L:L,"DULAL DAS",CONV!R:R,"ELECT")) -> 0 | W122: =SUM(COUNTIF(RHA!L:L,"DULAL DAS"),COUNTIFS(CONV!K:K,"CC(R) RHA",CONV!L:L,"DULAL DAS",CONV!R:R,"ELECT")) -> 0 | X122: =SUM(Q122:W122) -> 0
P123: DEBABRATA DUTTA | Q123: =SUM(COUNTIF(North!L:L,"DEBABRATA DUTTA"),COUNTIFS(CONV!K:K,"CC(R) NORTH",CONV!L:L,"DEBABRATA DUTTA",CONV!R:R,"ELECT")) -> 0 | R123: =SUM(COUNTIF(South!L:L,"DEBABRATA DUTTA"),COUNTIFS(CONV!K:K,"CC(R) SOUTH",CONV!L:L,"DEBABRATA DUTTA",CONV!R:R,"ELECT")) -> 0 | S123: =SUM(COUNTIF(KOAA!L:L,"DEBABRATA DUTTA"),COUNTIFS(CONV!K:K,"CC(R) KOAA",CONV!L:L,"DEBABRATA DUTTA",CONV!R:R,"ELECT")) -> 0 | T123: =SUM(COUNTIF(DDJ!L:L,"DEBABRATA DUTTA"),COUNTIFS(CONV!K:K,"CC(R) DDJ",CONV!L:L,"DEBABRATA DUTTA",CONV!R:R,"ELECT")) -> 0 | U123: =SUM(COUNTIF(NH!L:L,"DEBABRATA DUTTA"),COUNTIFS(CONV!K:K,"CC(R) NH",CONV!L:L,"DEBABRATA DUTTA",CONV!R:R,"ELECT")) -> 0 | V123: =SUM(COUNTIF(BT!L:L,"DEBABRATA DUTTA"),COUNTIFS(CONV!K:K,"CC(R) BT",CONV!L:L,"DEBABRATA DUTTA",CONV!R:R,"ELECT")) -> 0 | W123: =SUM(COUNTIF(RHA!L:L,"DEBABRATA DUTTA"),COUNTIFS(CONV!K:K,"CC(R) RHA",CONV!L:L,"DEBABRATA DUTTA",CONV!R:R,"ELECT")) -> 0 | X123: =SUM(Q123:W123) -> 0
P124: J S BASAK | Q124: =SUM(COUNTIF(North!L:L,"J.S.BASAK"),COUNTIFS(CONV!K:K,"CC(R) NORTH",CONV!L:L,"J.S.BASAK",CONV!R:R,"ELECT")) -> 0 | R124: =SUM(COUNTIF(South!L:L,"J.S.BASAK"),COUNTIFS(CONV!K:K,"CC(R) SOUTH",CONV!L:L,"J.S.BASAK",CONV!R:R,"ELECT")) -> 0 | S124: =SUM(COUNTIF(KOAA!L:L,"J.S.BASAK"),COUNTIFS(CONV!K:K,"CC(R) KOAA",CONV!L:L,"J.S.BASAK",CONV!R:R,"ELECT")) -> 0 | T124: =SUM(COUNTIF(DDJ!L:L,"J.S.BASAK"),COUNTIFS(CONV!K:K,"CC(R) DDJ",CONV!L:L,"J.S.BASAK",CONV!R:R,"ELECT")) -> 0 | U124: =SUM(COUNTIF(NH!L:L,"J.S.BASAK"),COUNTIFS(CONV!K:K,"CC(R) NH",CONV!L:L,"J.S.BASAK",CONV!R:R,"ELECT")) -> 0 | V124: =SUM(COUNTIF(BT!L:L,"J.S.BASAK"),COUNTIFS(CONV!K:K,"CC(R) BT",CONV!L:L,"J.S.BASAK",CONV!R:R,"ELECT")) -> 0 | W124: =SUM(COUNTIF(RHA!L:L,"J.S.BASAK"),COUNTIFS(CONV!K:K,"CC(R) RHA",CONV!L:L,"J.S.BASAK",CONV!R:R,"ELECT")) -> 0 | X124: =SUM(Q124:W124) -> 0
P125: JAYANTA KUNDU | Q125: =SUM(COUNTIF(North!L:L,"JAYANTA KUNDU"),COUNTIFS(CONV!K:K,"CC(R) NORTH",CONV!L:L,"JAYANTA KUNDU",CONV!R:R,"ELECT")) -> 0 | R125: =SUM(COUNTIF(South!L:L,"JAYANTA KUNDU"),COUNTIFS(CONV!K:K,"CC(R) SOUTH",CONV!L:L,"JAYANTA KUNDU",CONV!R:R,"ELECT")) -> 0 | S125: =SUM(COUNTIF(KOAA!L:L,"JAYANTA KUNDU"),COUNTIFS(CONV!K:K,"CC(R) KOAA",CONV!L:L,"JAYANTA KUNDU",CONV!R:R,"ELECT")) -> 0 | T125: =SUM(COUNTIF(DDJ!L:L,"JAYANTA KUNDU"),COUNTIFS(CONV!K:K,"CC(R) DDJ",CONV!L:L,"JAYANTA KUNDU",CONV!R:R,"ELECT")) -> 0 | U125: =SUM(COUNTIF(NH!L:L,"JAYANTA KUNDU"),COUNTIFS(CONV!K:K,"CC(R) NH",CONV!L:L,"JAYANTA KUNDU",CONV!R:R,"ELECT")) -> 0 | V125: =SUM(COUNTIF(BT!L:L,"JAYANTA KUNDU"),COUNTIFS(CONV!K:K,"CC(R) BT",CONV!L:L,"JAYANTA KUNDU",CONV!R:R,"ELECT")) -> 0 | W125: =SUM(COUNTIF(RHA!L:L,"JAYANTA KUNDU"),COUNTIFS(CONV!K:K,"CC(R) RHA",CONV!L:L,"JAYANTA KUNDU",CONV!R:R,"ELECT")) -> 0 | X125: =SUM(Q125:W125) -> 0
P126: PROVAT KUMAR GHOSH | Q126: =SUM(COUNTIF(North!L:L,"PROVAT KUMAR GHOSH"),COUNTIFS(CONV!K:K,"CC(R) NORTH",CONV!L:L,"PROVAT KUMAR GHOSH",CONV!R:R,"ELECT")) -> 0 | R126: =SUM(COUNTIF(South!L:L,"PROVAT KUMAR GHOSH"),COUNTIFS(CONV!K:K,"CC(R) SOUTH",CONV!L:L,"PROVAT KUMAR GHOSH",CONV!R:R,"ELECT")) -> 0 | S126: =SUM(COUNTIF(KOAA!L:L,"PROVAT KUMAR GHOSH"),COUNTIFS(CONV!K:K,"CC(R) KOAA",CONV!L:L,"PROVAT KUMAR GHOSH",CONV!R:R,"ELECT")) -> 0 | T126: =SUM(COUNTIF(DDJ!L:L,"PROVAT KUMAR GHOSH"),COUNTIFS(CONV!K:K,"CC(R) DDJ",CONV!L:L,"PROVAT KUMAR GHOSH",CONV!R:R,"ELECT")) -> 0 | U126: =SUM(COUNTIF(NH!L:L,"PROVAT KUMAR GHOSH"),COUNTIFS(CONV!K:K,"CC(R) NH",CONV!L:L,"PROVAT KUMAR GHOSH",CONV!R:R,"ELECT")) -> 0 | V126: =SUM(COUNTIF(BT!L:L,"PROVAT KUMAR GHOSH"),COUNTIFS(CONV!K:K,"CC(R) BT",CONV!L:L,"PROVAT KUMAR GHOSH",CONV!R:R,"ELECT")) -> 0 | W126: =SUM(COUNTIF(RHA!L:L,"PROVAT KUMAR GHOSH"),COUNTIFS(CONV!K:K,"CC(R) RHA",CONV!L:L,"PROVAT KUMAR GHOSH",CONV!R:R,"ELECT")) -> 0 | X126: =SUM(Q126:W126) -> 0
P127: SWAPAN KUMAR MONDAL | Q127: =SUM(COUNTIF(North!L:L,"SWAPAN KUMAR MONDAL"),COUNTIFS(CONV!K:K,"CC(R) NORTH",CONV!L:L,"SWAPAN KUMAR MONDAL",CONV!R:R,"ELECT")) -> 16 | R127: =SUM(COUNTIF(South!L:L,"AMITAV TARAFDER"),COUNTIFS(CONV!K:K,"CC(R) SOUTH",CONV!L:L,"AMITAV TARAFDER",CONV!R:R,"ELECT")) -> 6 | S127: =SUM(COUNTIF(KOAA!L:L,"AMITAV TARAFDER"),COUNTIFS(CONV!K:K,"CC(R) KOAA",CONV!L:L,"AMITAV TARAFDER",CONV!R:R,"ELECT")) -> 5 | T127: =SUM(COUNTIF(DDJ!L:L,"AMITAV TARAFDER"),COUNTIFS(CONV!K:K,"CC(R) DDJ",CONV!L:L,"AMITAV TARAFDER",CONV!R:R,"ELECT")) -> 13 | U127: =SUM(COUNTIF(NH!L:L,"AMITAV TARAFDER"),COUNTIFS(CONV!K:K,"CC(R) NH",CONV!L:L,"AMITAV TARAFDER",CONV!R:R,"ELECT")) -> 3 | V127: =SUM(COUNTIF(BT!L:L,"AMITAV TARAFDER"),COUNTIFS(CONV!K:K,"CC(R) BT",CONV!L:L,"AMITAV TARAFDER",CONV!R:R,"ELECT")) -> 24 | W127: =SUM(COUNTIF(RHA!L:L,"AMITAV TARAFDER"),COUNTIFS(CONV!K:K,"CC(R) RHA",CONV!L:L,"AMITAV TARAFDER",CONV!R:R,"ELECT")) -> 0 | X127: =SUM(Q127:W127) -> 67
P128: SUMANTA SEN | Q128: =SUM(COUNTIF(North!L:L,"SUMANTA SEN"),COUNTIFS(CONV!K:K,"CC(R) NORTH",CONV!L:L,"SUMANTA SEN",CONV!R:R,"ELECT")) -> 0 | R128: =SUM(COUNTIF(South!L:L,"AMITAV TARAFDER"),COUNTIFS(CONV!K:K,"CC(R) SOUTH",CONV!L:L,"AMITAV TARAFDER",CONV!R:R,"ELECT")) -> 6 | S128: =SUM(COUNTIF(KOAA!L:L,"AMITAV TARAFDER"),COUNTIFS(CONV!K:K,"CC(R) KOAA",CONV!L:L,"AMITAV TARAFDER",CONV!R:R,"ELECT")) -> 5 | T128: =SUM(COUNTIF(DDJ!L:L,"AMITAV TARAFDER"),COUNTIFS(CONV!K:K,"CC(R) DDJ",CONV!L:L,"AMITAV TARAFDER",CONV!R:R,"ELECT")) -> 13 | U128: =SUM(COUNTIF(NH!L:L,"AMITAV TARAFDER"),COUNTIFS(CONV!K:K,"CC(R) NH",CONV!L:L,"AMITAV TARAFDER",CONV!R:R,"ELECT")) -> 3 | V128: =SUM(COUNTIF(BT!L:L,"AMITAV TARAFDER"),COUNTIFS(CONV!K:K,"CC(R) BT",CONV!L:L,"AMITAV TARAFDER",CONV!R:R,"ELECT")) -> 24 | W128: =SUM(COUNTIF(RHA!L:L,"AMITAV TARAFDER"),COUNTIFS(CONV!K:K,"CC(R) RHA",CONV!L:L,"AMITAV TARAFDER",CONV!R:R,"ELECT")) -> 0 | X128: =SUM(Q128:W128) -> 51
P129: SANKAR PRASAD BAISYA | Q129: =SUM(COUNTIF(North!L:L,"SANKAR PRASAD BAISYA"),COUNTIFS(CONV!K:K,"CC(R) NORTH",CONV!L:L,"SANKAR PRASAD BAISYA",CONV!R:R,"ELECT")) -> 0 | R129: =SUM(COUNTIF(South!L:L,"AMITAV TARAFDER"),COUNTIFS(CONV!K:K,"CC(R) SOUTH",CONV!L:L,"AMITAV TARAFDER",CONV!R:R,"ELECT")) -> 6 | S129: =SUM(COUNTIF(KOAA!L:L,"AMITAV TARAFDER"),COUNTIFS(CONV!K:K,"CC(R) KOAA",CONV!L:L,"AMITAV TARAFDER",CONV!R:R,"ELECT")) -> 5 | T129: =SUM(COUNTIF(DDJ!L:L,"AMITAV TARAFDER"),COUNTIFS(CONV!K:K,"CC(R) DDJ",CONV!L:L,"AMITAV TARAFDER",CONV!R:R,"ELECT")) -> 13 | U129: =SUM(COUNTIF(NH!L:L,"AMITAV TARAFDER"),COUNTIFS(CONV!K:K,"CC(R) NH",CONV!L:L,"AMITAV TARAFDER",CONV!R:R,"ELECT")) -> 3 | V129: =SUM(COUNTIF(BT!L:L,"AMITAV TARAFDER"),COUNTIFS(CONV!K:K,"CC(R) BT",CONV!L:L,"AMITAV TARAFDER",CONV!R:R,"ELECT")) -> 24 | W129: =SUM(COUNTIF(RHA!L:L,"AMITAV TARAFDER"),COUNTIFS(CONV!K:K,"CC(R) RHA",CONV!L:L,"AMITAV TARAFDER",CONV!R:R,"ELECT")) -> 0 | X129: =SUM(Q129:W129) -> 51
P130: Ruwel Murmu | Q130: =SUM(COUNTIF(North!L:L,"RUWEL MURMU"),COUNTIFS(CONV!K:K,"CC(R) NORTH",CONV!L:L,"RUWEL MURMU",CONV!R:R,"ELECT")) -> 21 | R130: =SUM(COUNTIF(South!L:L,"AMITAV TARAFDER"),COUNTIFS(CONV!K:K,"CC(R) SOUTH",CONV!L:L,"AMITAV TARAFDER",CONV!R:R,"ELECT")) -> 6 | S130: =SUM(COUNTIF(KOAA!L:L,"AMITAV TARAFDER"),COUNTIFS(CONV!K:K,"CC(R) KOAA",CONV!L:L,"AMITAV TARAFDER",CONV!R:R,"ELECT")) -> 5 | T130: =SUM(COUNTIF(DDJ!L:L,"AMITAV TARAFDER"),COUNTIFS(CONV!K:K,"CC(R) DDJ",CONV!L:L,"AMITAV TARAFDER",CONV!R:R,"ELECT")) -> 13 | U130: =SUM(COUNTIF(NH!L:L,"AMITAV TARAFDER"),COUNTIFS(CONV!K:K,"CC(R) NH",CONV!L:L,"AMITAV TARAFDER",CONV!R:R,"ELECT")) -> 3 | V130: =SUM(COUNTIF(BT!L:L,"AMITAV TARAFDER"),COUNTIFS(CONV!K:K,"CC(R) BT",CONV!L:L,"AMITAV TARAFDER",CONV!R:R,"ELECT")) -> 24 | W130: =SUM(COUNTIF(RHA!L:L,"AMITAV TARAFDER"),COUNTIFS(CONV!K:K,"CC(R) RHA",CONV!L:L,"AMITAV TARAFDER",CONV!R:R,"ELECT")) -> 0 | X130: =SUM(Q130:W130) -> 72
P131: Rajeev Kumar Sabherwal | Q131: =SUM(COUNTIF(North!L:L,"R K SABHERWAL"),COUNTIFS(CONV!K:K,"CC(R) NORTH",CONV!L:L,"R K SABHERWAL",CONV!R:R,"ELECT")) -> 12 | R131: =SUM(COUNTIF(South!L:L,"AMITAV TARAFDER"),COUNTIFS(CONV!K:K,"CC(R) SOUTH",CONV!L:L,"AMITAV TARAFDER",CONV!R:R,"ELECT")) -> 6 | S131: =SUM(COUNTIF(KOAA!L:L,"AMITAV TARAFDER"),COUNTIFS(CONV!K:K,"CC(R) KOAA",CONV!L:L,"AMITAV TARAFDER",CONV!R:R,"ELECT")) -> 5 | T131: =SUM(COUNTIF(DDJ!L:L,"AMITAV TARAFDER"),COUNTIFS(CONV!K:K,"CC(R) DDJ",CONV!L:L,"AMITAV TARAFDER",CONV!R:R,"ELECT")) -> 13 | U131: =SUM(COUNTIF(NH!L:L,"AMITAV TARAFDER"),COUNTIFS(CONV!K:K,"CC(R) NH",CONV!L:L,"AMITAV TARAFDER",CONV!R:R,"ELECT")) -> 3 | V131: =SUM(COUNTIF(BT!L:L,"AMITAV TARAFDER"),COUNTIFS(CONV!K:K,"CC(R) BT",CONV!L:L,"AMITAV TARAFDER",CONV!R:R,"ELECT")) -> 24 | W131: =SUM(COUNTIF(RHA!L:L,"AMITAV TARAFDER"),COUNTIFS(CONV!K:K,"CC(R) RHA",CONV!L:L,"AMITAV TARAFDER",CONV!R:R,"ELECT")) -> 0 | X131: =SUM(Q131:W131) -> 63
P132: Kalyan Das | Q132: =SUM(COUNTIF(North!L:L,"KALYAN DAS"),COUNTIFS(CONV!K:K,"CC(R) NORTH",CONV!L:L,"KALYAN DAS",CONV!R:R,"ELECT")) -> 19 | R132: =SUM(COUNTIF(South!L:L,"AMITAV TARAFDER"),COUNTIFS(CONV!K:K,"CC(R) SOUTH",CONV!L:L,"AMITAV TARAFDER",CONV!R:R,"ELECT")) -> 6 | S132: =SUM(COUNTIF(KOAA!L:L,"AMITAV TARAFDER"),COUNTIFS(CONV!K:K,"CC(R) KOAA",CONV!L:L,"AMITAV TARAFDER",CONV!R:R,"ELECT")) -> 5 | T132: =SUM(COUNTIF(DDJ!L:L,"AMITAV TARAFDER"),COUNTIFS(CONV!K:K,"CC(R) DDJ",CONV!L:L,"AMITAV TARAFDER",CONV!R:R,"ELECT")) -> 13 | U132: =SUM(COUNTIF(NH!L:L,"AMITAV TARAFDER"),COUNTIFS(CONV!K:K,"CC(R) NH",CONV!L:L,"AMITAV TARAFDER",CONV!R:R,"ELECT")) -> 3 | V132: =SUM(COUNTIF(BT!L:L,"AMITAV TARAFDER"),COUNTIFS(CONV!K:K,"CC(R) BT",CONV!L:L,"AMITAV TARAFDER",CONV!R:R,"ELECT")) -> 24 | W132: =SUM(COUNTIF(RHA!L:L,"AMITAV TARAFDER"),COUNTIFS(CONV!K:K,"CC(R) RHA",CONV!L:L,"AMITAV TARAFDER",CONV!R:R,"ELECT")) -> 0 | X132: =SUM(Q132:W132) -> 70
P133: A K Bala | Q133: =SUM(COUNTIF(North!L:L,"A K BALA"),COUNTIFS(CONV!K:K,"CC(R) NORTH",CONV!L:L,"A K BALA",CONV!R:R,"ELECT")) -> 0 | R133: =SUM(COUNTIF(South!L:L,"AMITAV TARAFDER"),COUNTIFS(CONV!K:K,"CC(R) SOUTH",CONV!L:L,"AMITAV TARAFDER",CONV!R:R,"ELECT")) -> 6 | S133: =SUM(COUNTIF(KOAA!L:L,"AMITAV TARAFDER"),COUNTIFS(CONV!K:K,"CC(R) KOAA",CONV!L:L,"AMITAV TARAFDER",CONV!R:R,"ELECT")) -> 5 | T133: =SUM(COUNTIF(DDJ!L:L,"AMITAV TARAFDER"),COUNTIFS(CONV!K:K,"CC(R) DDJ",CONV!L:L,"AMITAV TARAFDER",CONV!R:R,"ELECT")) -> 13 | U133: =SUM(COUNTIF(NH!L:L,"AMITAV TARAFDER"),COUNTIFS(CONV!K:K,"CC(R) NH",CONV!L:L,"AMITAV TARAFDER",CONV!R:R,"ELECT")) -> 3 | V133: =SUM(COUNTIF(BT!L:L,"AMITAV TARAFDER"),COUNTIFS(CONV!K:K,"CC(R) BT",CONV!L:L,"AMITAV TARAFDER",CONV!R:R,"ELECT")) -> 24 | W133: =SUM(COUNTIF(RHA!L:L,"AMITAV TARAFDER"),COUNTIFS(CONV!K:K,"CC(R) RHA",CONV!L:L,"AMITAV TARAFDER",CONV!R:R,"ELECT")) -> 0 | X133: =SUM(Q133:W133) -> 51
P134: Madan Kumar Saha | Q134: =SUM(COUNTIF(North!L:L,"MADAN KUMAR SAHA"),COUNTIFS(CONV!K:K,"CC(R) NORTH",CONV!L:L,"MADAN KUMAR SAHA",CONV!R:R,"ELECT")) -> 0 | R134: =SUM(COUNTIF(South!L:L,"AMITAV TARAFDER"),COUNTIFS(CONV!K:K,"CC(R) SOUTH",CONV!L:L,"AMITAV TARAFDER",CONV!R:R,"ELECT")) -> 6 | S134: =SUM(COUNTIF(KOAA!L:L,"AMITAV TARAFDER"),COUNTIFS(CONV!K:K,"CC(R) KOAA",CONV!L:L,"AMITAV TARAFDER",CONV!R:R,"ELECT")) -> 5 | T134: =SUM(COUNTIF(DDJ!L:L,"AMITAV TARAFDER"),COUNTIFS(CONV!K:K,"CC(R) DDJ",CONV!L:L,"AMITAV TARAFDER",CONV!R:R,"ELECT")) -> 13 | U134: =SUM(COUNTIF(NH!L:L,"AMITAV TARAFDER"),COUNTIFS(CONV!K:K,"CC(R) NH",CONV!L:L,"AMITAV TARAFDER",CONV!R:R,"ELECT")) -> 3 | V134: =SUM(COUNTIF(BT!L:L,"AMITAV TARAFDER"),COUNTIFS(CONV!K:K,"CC(R) BT",CONV!L:L,"AMITAV TARAFDER",CONV!R:R,"ELECT")) -> 24 | W134: =SUM(COUNTIF(RHA!L:L,"AMITAV TARAFDER"),COUNTIFS(CONV!K:K,"CC(R) RHA",CONV!L:L,"AMITAV TARAFDER",CONV!R:R,"ELECT")) -> 0 | X134: =SUM(Q134:W134) -> 51
P135: Sibasis Roy | Q135: =SUM(COUNTIF(North!L:L,"SIBASIS ROY"),COUNTIFS(CONV!K:K,"CC(R) NORTH",CONV!L:L,"SIBASIS ROY",CONV!R:R,"ELECT")) -> 0 | R135: =SUM(COUNTIF(South!L:L,"AMITAV TARAFDER"),COUNTIFS(CONV!K:K,"CC(R) SOUTH",CONV!L:L,"AMITAV TARAFDER",CONV!R:R,"ELECT")) -> 6 | S135: =SUM(COUNTIF(KOAA!L:L,"AMITAV TARAFDER"),COUNTIFS(CONV!K:K,"CC(R) KOAA",CONV!L:L,"AMITAV TARAFDER",CONV!R:R,"ELECT")) -> 5 | T135: =SUM(COUNTIF(DDJ!L:L,"AMITAV TARAFDER"),COUNTIFS(CONV!K:K,"CC(R) DDJ",CONV!L:L,"AMITAV TARAFDER",CONV!R:R,"ELECT")) -> 13 | U135: =SUM(COUNTIF(NH!L:L,"AMITAV TARAFDER"),COUNTIFS(CONV!K:K,"CC(R) NH",CONV!L:L,"AMITAV TARAFDER",CONV!R:R,"ELECT")) -> 3 | V135: =SUM(COUNTIF(BT!L:L,"AMITAV TARAFDER"),COUNTIFS(CONV!K:K,"CC(R) BT",CONV!L:L,"AMITAV TARAFDER",CONV!R:R,"ELECT")) -> 24 | W135: =SUM(COUNTIF(RHA!L:L,"AMITAV TARAFDER"),COUNTIFS(CONV!K:K,"CC(R) RHA",CONV!L:L,"AMITAV TARAFDER",CONV!R:R,"ELECT")) -> 0 | X135: =SUM(Q135:W135) -> 51
...

Sheet METRO 
B1: N a m e | C1: SC/ST | D1: Design. | E1: P.F.No. | F1: Date of Birth | G1: DOR | H1: Date of Apptt. | I1: Date of Prom. as LPG | J1: Apt Test | K1: Prom. Training | L1: Working at
A2: 1 | B2: NABIN KR. SAHA | C2: SC | D2: LPP | E2: 540713 | F2: 14.01.71 | G2: 47879 | H2: 19.07.99 | I2: 10.06.10 | J2: 06.09.12 (M/Man) | K2: As lien.
A3: 2 | B3: DEBBRATA RAY | C3: SC | D3: LPP | E3: 5407126 | F3: 25.04.66 | G3: 46142 | H3: 31.05.99 | I3: 10.06.10 | J3: 18.09.19 (M/Man) | K3: As lien.
A4: 3 | B4: SUBHAJIT BANERJEE | C4: UR | D4: LPP | E4: 5395252 | F4: 17.02.67 | G4: 46446 | H4: 18.12.95 | I4: 16.03.12 | J4: 18.09.19 (M/Man) | K4: As lien.
A5: 4 | B5: GADADHAR SARKAR | C5: UR | D5: LPP | E5: 5395264 | F5: 17.09.67 | G5: 46660 | H5: 18.12.95 | I5: 31.10.12 | J5: 18.09.19 (M/Man) | K5: As lien.
A6: 5 | B6: BIPLAB KR. MALLICK | C6: SC | D6: LPP | E6: 7427967 | F6: 05.04.72 | G6: 48334 | H6: 24.04.2000 | I6: 03.01.13 | J6: 18.09.19 (M/Man) | K6: As lien.
A7: 6 | B7: SANAT KR. MAITY | C7: UR | D7: LPP | E7: 725353 | F7: 15.10.73 | G7: 48883 | H7: 05.06.01 | I7: 19.02.13 | J7: 18.09.19 (M/Man) | K7: As lien.
A8: 7 | B8: BIJAY SAHA | C8: UR | D8: LPP | E8: 5419256 | F8: 25.05.76 | G8: 49826 | H8: 09.08.02 | I8: 30.09.15 | J8: 18.09.19 (M/Man) | K8: As lien.
A9: 8 | B9: MANAS DAS | C9: UR | D9: LPP | E9: 50205419165 | F9: 09.03.76 | G9: 49765 | H9: 01.08.02 | I9: 10.01.17 | J9: 18.09.19 (M/Man) | K9: As lien.
A10: 9 | B10: Sanjay Kumar -II | C10: SC | D10: LPP | E10: 5520435 | F10: 05.12.77 | G10: 50405 | H10: 25.02.03 | I10: 03.10.19 | J10: 10.07.18 (LPG) | K10: As lien. | L10: Promoted to M/Man by M/Railway.
A11: 10 | B11: Abhijit Maitra | C11: SC | D11: LPP | E11: 5866546 | F11: 24.12.69 | G11: 47483 | H11: 07.03.00 | I11: 03.10.19 | J11: 10.07.18 (LPG) | K11: As lien. | L11: Promoted to M/Man by M/Railway.
A12: 11 | B12: Mithun Biswas | C12: SC | D12: LPP | E12: 5562340 | F12: 15.01.86 | G12: 53358 | H12: 22.03.10 | I12: 18.09.19 | J12: 10.07.18 (LPG) | K12: As lien. | L12: Promoted to M/Man by M/Railway.
A13: 12 | B13: Koushik Mondal | C13: SC | D13: LPP | E13: 62099710 | F13: 22.04.84 | G13: 52717 | H13: 03.08.09 | I13: 03.10.19 | J13: 10.07.18 (LPG) | K13: As lien. | L13: Promoted to M/Man by M/Railway.
A14: 13 | B14: Avijit Kirtania | C14: SC | D14: LPP | E14: 5569096 | F14: 12.01.82 | G14: 51897 | H14: 17.10.11 | I14: 03.10.19 | J14: 27.07.18 (LPG) | K14: As lien. | L14: Promoted to M/Man by M/Railway.
A15: 14 | B15: Mithun Debnath | C15: UR | D15: LPP | E15: 5559054 | F15: 05.03.83 | G15: 52382 | H15: 23.12.09 | I15: 03.10.19 | J15: 27.07.18 (LPG) | K15: As lien. | L15: Promoted to M/Man by M/Railway.
A16: 15 | B16: RABINDRA KUMAR | C16: UR | D16: LPP | E16: 50205569205 | F16: 04.02.87 | G16: 53751 | H16: 17.10.11 | I16: 03.10.19 | J16: 07.11.18 (LPG) | K16: As lien. | L16: Promoted to M/Man by M/Railway.
A17: 16 | B17: RUDRAK DAS | C17: UR | D17: LPP | E17: 50200036110 | F17: 01.01.76 | G17: 50040 | H17: 10.05.06 | I17: 03.10.19 | J17: 14.11.18 (LPG) | K17: As lien. | L17: Promoted to M/Man by M/Railway.
A18: 17 | B18: PRABIR KUMAR SARDAR | C18: UR | D18: LPP | E18: 50200065780 | F18: 26.11.75 | G18: 49643 | H18: 05.03.07 | I18: 03.10.19 | J18: 14.11.18 (LPG) | K18: As lien. | L18: Promoted to M/Man by M/Railway.
A19: 18 | B19: BARUN KUMAR MIDYA | C19: UR | D19: LPP | E19: 50200036867 | F19: 25.11.76 | G19: 50009 | H19: 09.05.06 | I19: 03.10.19 | J19: 14.11.18 (LPG) | K19: As lien. | L19: Promoted to M/Man by M/Railway.
A20: 19 | B20: PARIMAL DAS | C20: SC | D20: LPP | E20: 5421068 | F20: 15.09.71 | G20: 48121 | H20: 28.02.03 | I20: 30.09.15 | J20: 03.08.20 (M/Man) | K20: As lien.
A21: 20 | B21: BIKASH KAR | C21: UR | D21: LPP | E21: 5419220 | F21: 21.01.74 | G21: 48975 | H21: 01.08.02 | I21: 30.09.15 | J21: 03.08.20 (M/Man) | K21: As lien.
A22: 21 | B22: PALLAB PATRA | C22: UR | D22: LPP | E22: 50205522658 | F22: 22.01.77 | G22: 50071 | H22: 05.07.06 | I22: 10.01.17 | J22: 03.08.20 (M/Man) | K22: As lien.
A23: 22 | B23: SUDIP PAL | C23: UR | D23: LPP | E23: 50205522663 | F23: 21.01.81 | G23: 51532 | H23: 05.07.06 | I23: 10.01.17 | J23: 03.08.20 (M/Man) | K23: As lien.
A24: 23 | B24: Varun Kumar | C24: UR | D24: LPP | E24: 5558736 | F24: 04.02.87 | G24: 53751 | H24: 19.10.09 | I24: 10.08.17 | J24: 03.08.20 (M/Man) | K24: As lien.
A25: 24 | B25: Arup Kumar Mondal | C25: UR | D25: LPP | E25: 5558773 | F25: 02.11.80 | G25: 51470 | H25: 19.10.09 | I25: 10.08.17 | J25: 03.08.20 (M/Man) | K25: As lien.
A26: 25 | B26: Manish Kumar | C26: UR | D26: LPP | E26: 5558797 | F26: 07.01.83 | G26: 52262 | H26: 19.10.09 | I26: 10.08.17 | J26: 03.08.20 (M/Man) | K26: As lien.
A27: 26 | B27: Gourav Kumar | C27: UR | D27: LPP | E27: 5558815 | F27: 01.02.87 | G27: 53751 | H27: 19.10.09 | I27: 10.08.17 | J27: 03.08.20 (M/Man) | K27: As lien.
A28: 27 | B28: Suman Kumar Singh | C28: UR | D28: LPP | E28: 5559017 | F28: 24.10.87 | G28: 53996 | H28: 21.12.09 | I28: 10.08.17 | J28: 03.08.20 (M/Man) | K28: As lien.
A29: 28 | B29: Sanjib Seal | C29: UR | D29: LPP | E29: 51901 | F29: 05.04.78 | G29: 50525 | H29: 05.07.06 | I29: 31.08.17 | J29: 03.08.20 (M/Man) | K29: As lien.
A30: 29 | B30: Joydip Ghosh-II | C30: UR | D30: LPP | E30: 12131325 | F30: 11.04.78 | G30: 50525 | H30: 05.06.01 | I30: 20.10.17 | J30: 03.08.20 (M/Man) | K30: As lien.
A31: 30 | B31: Samiran Halder | C31: UR | D31: LPP | E31: 12124760 | F31: 17.09.70 | G31: 47756 | H31: 31.05.99 | I31: 20.10.17 | J31: 03.08.20 (M/Man) | K31: As lien.
... A37: 36 | B37: DEBASISH PAN | C37: UR | D37: LPM | E37: 5419177 | F37: 22.02.75 | G37: 49368 | H37: 01.08.02 | I37: 18.02.20 | J37: 03.08.20 (M/Man) | K37: As lien.
A38: 37 | B38: SRIRUP KUNDU | C38: UR | D38: LPP | E38: 50205607243 | F38: 30524 | G38: 52443 | K38: As lien. | M38: CC(R) NORTH | N38: SWAPAN KUMAR MONDAL | Q38: 45924 | R38: 45559 | S38: 45527 | V38: https://drive.google.com/file/d/1foEPtOsuwxEnIkPtVsjRp0HZY15nlyLz/view?usp=sharing | X38: =LEN(E38) -> 11 | Y38: =INT((TODAY()-F38)/365) -> 42
A39: 38 | B39: AVIK GHOSH | C39: UR | D39: LPP | E39: 50205607413 | G39: 54088 | K39: As lien. | L39: 8768038121 | M39: CC(R) NORTH | N39: KALYAN DAS | Q39: 45919 | R39: 45559 | S39: 45527 | V39: https://drive.google.com/file/d/110E-fNjZwaGbS-NV-lKt1MdjeBpN5kzu/view?usp=sharing | W39: https://drive.google.com/file/d/1VNbafGCqICnnRmuGE96d806Wo_KTR-DE/view?usp=sharing | X39: =LEN(E39) -> 11 | Y39: =INT((TODAY()-#REF!)/365) -> #REF! | Z39: Spared on 22.03.2022
A40: 39 | B40: KAMAL HALDER | C40: SC | D40: LPP | E40: 50212124734 | F40: 26618 | G40: 48548 | J40: =IF(ISBLANK(H40),"",ifS(H40="A",DATEVALUE(I40)+90,H40="B",DATEVALUE(I40)+60,H40="C",DATEVALUE(I40)+30)) | K40: 8420320026 | L40: 7001592182 | M40: CC(R) SOUTH | N40: UTPAL HALDER | Q40: 45256 | R40: 45115 | S40: 45078 | V40: https://drive.google.com/file/d/1m4yS_qgVy-hZdfRCSMXsHUr_0NqkP-Fr/view?usp=sharing | W40: https://drive.google.com/file/d/127titRODuaORqzkO3ghZwDKMUPSYEhuI/view?usp=sharing | X40: =LEN(TEXT(E40,0)) -> 11 | Y40: =INT((TODAY()-F40)/365) -> 53
A41: 40 | B41: AJAY KUMAR SAW | C41: UR | D41: LPP | E41: 502NP202970 | F41: 31152 | G41: 53082 | H41: B | I41: 9002071003 | J41: 9002071003 | K41: CC(R) SOUTH | L41: SAMBHU PAUL | O41: 45323 | P41: 45748 | Q41: 45591 | T41: https://drive.google.com/file/d/1O2Hx7nnTchoypnbJE3flj1E5uh6h1oVe/view?usp=sharing | U41: https://drive.google.com/file/d/144e7WRg1Yhghu4Z10zPXxpP49NsJAuYY/view?usp=sharing | V41: =LEN(TEXT(E41,0)) -> 11 | W41: =INT((TODAY()-F41)/365) -> 40
A42: 41 | B42: SANJEEV KUMAR | C42: UR | D42: LPP | E42: 50205602518 | F42: 31787 | G42: 53723 | H42: B | I42: 9002071154 | J42: 9002071154 | K42: CC(R) SOUTH | L42: SANKAR PRASAD BAISYA | O42: 45838 | P42: 45748 | Q42: 45622 | T42: https://drive.google.com/file/d/1tJ6faHZGva9DDrzMe9zHm50ie0JKOIFE/view?usp=sharing | U42: https://drive.google.com/file/d/1tJ6faHZGva9DDrzMe9zHm50ie0JKOIFE/view?usp=sharing | V42: =LEN(TEXT(E42,0)) -> 11 | W42: =INT((TODAY()-F42)/365) -> 39
A43: 42 | B43: BIKASH PAL | C43: UR | D43: LPP | E43: JTDYDI | F43: 29415 | G43: 51348 | H43: B | I43: 9002071074 | J43: 9051789653 | K43: CC(R) NORTH | L43: ANIMESH SARKAR | O43: 45251 | P43: 45776 | Q43: 45766 | T43: https://drive.google.com/file/d/1uRYUwL-0TkyRbVvx7my7J2JDVRblUHr_/view?usp=sharing | U43: https://drive.google.com/file/d/1IDBHkdlEpiMz1hC1r4TXGC3iB0el9LQW/view?usp=share_link | V43: =LEN(D43) -> 3 | X43: =INT((TODAY()-F43)/365) -> 45 | AA43: RELEASED ON 13.01.2023
A44: 43 | B44: BALABANT SINGH | C44: UR | D44: LPP/Loco | E44: 50205522596 | F44: 29589 | G44: 51532 | H44: A | K44: CC(R) NORTH | L44: JAYANTA KUNDU | O44: 46025 | Q44: 45727 | T44: https://drive.google.com/file/d/1YQ_1d3YB7kJ3ynPjdbtPQMrUuR02zJf1/view?usp=sharing | U44: https://drive.google.com/file/d/1YQ_1d3YB7kJ3ynPjdbtPQMrUuR02zJf1/view?usp=sharing | X44: 07/10/2020(F) | Y44: 1 | Z44: NOT SUITABLE | AA44: RELEASED ON 13.01.2023 | AB44: =INT((TODAY()-F44)/365) -> 45
A45: 44 | B45: MAHESH KUMAR PRASAD | C45: UR | D45: LPP | E45: 50200114558 | F45: 31574 | G45: 53508 | H45: B | I45: 9002071091 | K45: CC(R) SOUTH | L45: SANKAR PRASAD BAISYA | O45: 45181 | P45: 45057 | Q45: 44946 | T45: https://drive.google.com/file/d/1YsVH0L8D2LlahB0BWnZ3X0nKMhvafFpZ/view?usp=sharing | U45: https://drive.google.com/file/d/1GBQ1kK3Qhewh3KBImLg5IBTZrQ8N6cyJ/view?usp=sharing | V45: =LEN(E45) -> 11 | W45: =INT((TODAY()-F45)/365) -> 39
A46: 45 | B46: PARTHA DEY | C46: UR | D46: LPS | E46: 50207661873 | F46: 27534 | G46: 49460 | K46: CC(R) NORTH | L46: SUBHASIS MAITY | S46: https://drive.google.com/file/d/1CcRzL6LEqemenEISWbPwLWbcDHFHtBe-/view?usp=share_link | V46: Spared to Metro Rly On 10.04.2023
A47: 46 | B47: DEBAJYOTI ROY | C47: UR | D47: LPP | E47: 50200508056 | F47: 27799 | G47: 49734 | H47: UR | I47: A | J47: 9002079050 | K47: 9002079050 | L47: CC(R) NH | M47: SANKAR PRASAD BAISYA | Q47: 45212 | R47: 45177 | U47: https://drive.google.com/file/d/1SXFOedYMtZXapMlgiB-HNSwuGiU9MTNc/view?usp=sharing | V47: https://drive.google.com/file/d/1SXFOedYMtZXapMlgiB-HNSwuGiU9MTNc/view?usp=sharing | W47: TRANSFERRED TO METRO ON 05.10.2023 | AC47: =INT((TODAY()-F47)/365) -> 50
A48: 47 | B48: KRISHNENDU BISWAS | C48: UR | D48: LPP | E48: 50205607206 | F48: 32125 | G48: 54057 | H48: UR | I48: 9002071623 | J48: 8250940490 | K48: CC(R) NORTH | L48: DINESH PRASAD MANDAL | O48: 45895 | P48: 45257 | Q48: 45242 | T48: https://drive.google.com/file/d/13pTX6Y7z-xPCRoH-Rxpt_Fb7newVOsp8/view?usp=sharing | U48: https://drive.google.com/file/d/1t5cgk_yOowfT9DimkjHK5jJH498lD0qI/view?usp=sharing | V48: =LEN(E48) -> 11 | X48: TRANSFERRED TO M/RLY | AB48: =INT((TODAY()-F48)/365) -> 38
A49: 48 | B49: CHANDAN KUMAR | C49: UR | D49: LPP | E49: 50205607279 | F49: 30909 | G49: 52840 | H49: UR | I49: 9002071139 | J49: 963531139 | K49: CC(R) SOUTH | L49: R K SABHERWAL | O49: 45912 | P49: 45257 | Q49: 45242 | T49: https://drive.google.com/file/d/1g-islwsu30iIMPRf4EobOLdDmBa6kU0w/view?usp=sharing | U49: https://drive.google.com/file/d/1rgmD_mp4gYj36EcI-N-BVSXdrW00Y5iC/view?usp=sharing | V49: =LEN(E49) -> 11 | X49: TRANSFERRED TO M/RLY
A50: 49 | B50: JAYANT KUMAR SINHA | C50: UR | D50: LPP | E50: 50205607280 | F50: 32209 | G50: 54148 | I50: B | J50: 8170034695 | L50: CC(R) SOUTH | M50: KALYAN DAS | N50: 32209 | O50: 54148 | P50: 45912 | Q50: 45257 | R50: 45242 | U50: https://drive.google.com/file/d/1PaMy5LkBNRTmHGcodflCAD38yc0XKcgE/view?usp=sharing | V50: https://drive.google.com/file/d/16Xw4BqDsjt16t9W8iWzWGOUpy0Vo57B7/view?usp=sharing | W50: =LEN(E50) -> 11 | X50: =INT((TODAY()-N50)/365) -> 38
A51: 50 | B51: NAND KISHOR BHAGAT | C51: UR | D51: LPP | E51: 50205607620 | F51: 29530 | G51: 51470 | I51: B | J51: 9002071786 | L51: CC(R) SOUTH | M51: BAIDHAR SINGH | N51: 29530 | O51: 51470 | P51: 45917 | Q51: 45559 | R51: 45527 | U51: https://drive.google.com/file/d/1SxTv3HN5JldaPOsIPGjwFp3KAWUlKbQC/view?usp=sharing | V51: https://drive.google.com/file/d/1LPGion-VFSDQSago4KEFc3GBTElgS10v/view?usp=sharing | W51: =LEN(E51) -> 11 | X51: =INT((TODAY()-N51)/365) -> 45
A52: 51 | B52: RAHUL | C52: UR | D52: LPP | E52: 50205607450 | F52: 32136 | G52: 54057 | I52: B | J52: 9002071251 | K52: 8444946369 | L52: CC(R) NORTH | M52: S S DEY | N52: 32136 | O52: 54057 | P52: 45908 | Q52: 45156 | R52: 45691 | U52: https://drive.google.com/file/d/1HbwrPf3ed3qrnZ_NcrGSVd43lac1xOGw/view?usp=sharing | V52: https://drive.google.com/file/d/1TZHorou-J4zb4YKkFKpBCCBPoz9_PTDY/view?usp=sharing | W52: =LEN(E52) -> 11 | X52: =INT((TODAY()-N52)/365) -> 38
A53: 52 | B53: ALOKESH DHALI | C53: SC | D53: LPP | E53: 50205423533 | F53: 26696 | G53: 48610 | I53: A | L53: CC(R) NORTH | M53: S C SARKAR | N53: 26696 | O53: 48610 | S53: Elect
A54: 53 | B54: AWADESH KUMAR I | C54: UR | D54: LPP | E54: 50205617972 | F54: 32941 | G54: 54878 | I54: B | J54: 8617712202 | L54: CC(R) DDJ | M54: SUSOVAN KAR | N54: 32941 | O54: 54878 | P54: 46180 | Q54: 45156 | R54: 45524 | S54: https://drive.google.com/file/d/1RAv8_sp1xSd2RiF-R6dF1TyUL_FLG1WV/view?usp=sharing | T54: https://drive.google.com/file/d/1xX9okSmKqo1uqM6GGriYuvhaI-ViVa61/view?usp=sharing | U54: https://drive.google.com/file/d/1djK0OmEdvXswTKLJrXrubpAQKwAWElCF/view?usp=sharing | W54: =LEN(E54) -> 11
A55: 54 | B55: BARUN MAJHI | C55: SC | D55: LPG | E55: 50205617558 | F55: 29965 | G55: 51897 | I55: B | J55: 8945532421 | K55: 8945532421 | L55: CC(R) NH | M55: SIDDHARTHA BISWAS | N55: 29965 | O55: 51897 | P55: 46174 | Q55: 45552 | R55: 45563 | S55: https://drive.google.com/file/d/1DkG-MqbcL3ylbUjG55cq8gUojcmsVR3p/view?usp=sharing | U55: https://drive.google.com/file/d/1WRdIpxX0Bs-ipoI8TfMhhEGADPoOGNhG/view?usp=sharing | W55: =LEN(E55) -> 11 | Y55: =INT((TODAY()-N55)/365) -> 44
A56: 55 | B56: JITENDRA KUMAR RAJ | C56: SC | D56: LPP | E56: 50205617947 | F56: 32150 | G56: 54088 | I56: B | J56: 9304867678 | K56: 9304867678 | L56: CC(R) DDJ | M56: SWAPAN KUMAR MONDAL | N56: 32150 | O56: 54088 | P56: 46190 | Q56: 45156 | R56: 45106 | S56: https://drive.google.com/file/d/1e_5FOXDesQKGRTJBnwM0S5swR0ljkYgR/view?usp=sharing | T56: https://drive.google.com/file/d/1f6swmEFtnAP6V9b6uh4iMC1kWHWxlRgf/view?usp=sharing | U56: https://drive.google.com/file/d/16962INo2sms9VCmlO1j0a3-qNr90Suv7/view?usp=sharing | W56: =LEN(E56) -> 11 | AC56: =INT((TODAY()-N56)/365) -> 38
A57: 56 | B57: ASHUTOSH KUMAR | C57: UR | D57: LPP | E57: 50205617960 | F57: 31670 | G57: 53600 | I57: B | J57: 7602469422 | K57: 8371807920 | L57: CC(R) DDJ | M57: KALYAN DAS | N57: 31670 | O57: 53600 | P57: 46175 | Q57: 45156 | R57: 45106 | S57: https://drive.google.com/file/d/17m1h9u4PZAeLaUSsHolFemiChIL_OcGr/view?usp=sharing | U57: https://drive.google.com/file/d/1vaxocpBNHc-HbwAzJnRSw28-eqIY2cR7/view?usp=sharing | W57: =LEN(E57) -> 11 | AC57: =INT((TODAY()-N57)/365) -> 39
A58: 57 | B58: ARINDAM DUTTA | C58: UR | D58: LPS | E58: 50204717004 | F58: 27351 | G58: 49278 | J58: 8420320010 | K58: 7980610340 | L58: CC(R) BT | M58: P K PAL | N58: 27351 | O58: 49278 | P58: 45536 | Q58: 46106 | R58: 45160 | T58: https://drive.google.com/file/d/1otP4Cg6IPCLK27BthYxw7m2O4lk2hy1a/view?usp=sharing | W58: =INT((TODAY()-N58)/365) -> 51
A59: 58 | B59: SATYABAN MONDAL | C59: SC | D59: LPS | E59: 50205522638 | F59: 28132 | G59: 50071 | J59: 9002079755 | L59: CC(R) KOAA | M59: BAIDHAR SINGH | N59: 28132 | O59: 50071 | P59: 45302 | Q59: 45541 | R59: 45271 | T59: https://drive.google.com/file/d/13JBNNdr1skX1dFEOA6nuTMS5aPlZjf3T/view?usp=sharing | W59: =LEN(TEXT(E59,0)) -> 11 | AC59: =INT((TODAY()-N59)/365) -> 49
A60: 59 | B60: SUJAY KUMAR BISWAS | C60: SC | D60: LPS | E60: 50200051809 | F60: 28918 | G60: 50860 | J60: 9002071017 | K60: 9002071017 | L60: CC(R) KOAA | M60: 28918 | N60: 50860 | O60: 45458 | P60: 45204 | Q60: 45188 | S60: https://drive.google.com/file/d/1Ssiz5znj8ov9NMo68bOEyH9CkNibyDuW/view?usp=sharing | V60: =LEN(TEXT(E60,0)) -> 11 | AB60: =INT((TODAY()-F60)/365) -> 47
A61: 60 | B61: RANJEET LAL | C61: UR | D61: LPS | E61: 50205613395 | F61: 33568 | G61: 55487 | J61: 7003732945 | K61: 9123895162 | L61: CC(R) KOAA | M61: T K DEII | O61: 46076 | P61: 45504 | Q61: 45552 | S61: https://drive.google.com/file/d/1MMrFsvS16g1jQ1xMiMtcbrpNCsE3hoWK/view?usp=sharing | T61: https://drive.google.com/file/d/1SZFh_AoJK7M0GRYUq779ouSIc95LJR-A/view?usp=sharing | V61: =LEN(TEXT(E61,0)) -> 11 | AB61: =INT((TODAY()-#REF!)/365) -> #REF!
A62: 61 | B62: DHANANJAY KUMAR | C62: UR | D62: LPP | E62: 50205618228 | F62: 32548 | G62: 54663 | I62: B | J62: 8697069579 | L62: CC(R) DDJ | M62: M A RAHAMAN | P62: 45321 | Q62: 45276 | R62: 45248 | S62: https://drive.google.com/file/d/1TWexNPV3jlgX4DkaWlHg_mT6cwQnqEjt/view?usp=sharing | T62: https://drive.google.com/file/d/1qf2rnvtYOPkHfX30gHMuUbarnPbvwP8z/view?usp=sharing | U62: https://drive.google.com/file/d/1lAFUYFUBtC5TrRml9ejfIcn4IcTZUV_F/view?usp=sharing | W62: =LEN(TEXT(E62,0)) -> 11 | AB62: =INT((TODAY()-F62)/365) -> 37
A63: 62 | B63: DEEPAK KUMAR I | C63: SC | D63: LPP | E63: 50205618344 | F63: 32334 | G63: 54270 | I63: B | J63: 9007155245 | L63: CC(R) DDJ | M63: A C JHA | P63: 46245 | Q63: 45321 | R63: 45276 | S63: https://drive.google.com/file/d/1gJLR1yS2XUnPh--Su-XTvrBwd5mCZfR-/view?usp=sharing | T63: https://drive.google.com/file/d/1WuVS49kvKZx62Ol2_iaWQKNaX2wpT1o6/view?usp=sharing | U63: https://drive.google.com/file/d/1NrdkqkXwV6OS3CjOqBWP8zj1homoO_GO/view?usp=sharing | W63: =LEN(TEXT(E63,0)) -> 11
A64: 63 | B64: MANISH KUMAR II | C64: SC | D64: LPP | E64: 50205618016 | F64: 30321 | G64: 52262 | I64: B | J64: 9002071252 | L64: CC(R) DDJ | M64: RUWEL MURMU | P64: 46190 | Q64: 45156 | R64: 45106 | S64: https://drive.google.com/file/d/124BePkzQHan_gfhwL7-kegRj2srxYHJD/view?usp=sharing | T64: https://drive.google.com/file/d/1_4PgWuXa4SbAIjYFZKF3LeFQ6JLDAx_O/view?usp=sharing | U64: https://drive.google.com/file/d/1jonoL6UWbpDKuHwggKh7MaY9GA0CYvvf/view?usp=sharing | V64: KRP | W64: =LEN(TEXT(E64,0)) -> 11 | AB64: =INT((TODAY()-F64)/365) -> 43
A65: 64 | B65: SAMAR MONDAL | C65: SC | D65: LPS | E65: 50714500069 | F65: 26729 | G65: 48669 | J65: 919230881686 | K65: 7547953586 | L65: CC(R) DDJ | M65: SWADESH MUKHOPADHYAY | P65: 45746 | Q65: 45156 | R65: 45248 | S65: https://drive.google.com/file/d/1L_IpymWh8mla1dPGNMssqbh1TyOBzUe5/view?usp=sharing | T65: https://drive.google.com/file/d/1-jPPPz53_Fx8qYDkn4rDyOmD72WCiBBJ/view?usp=sharing | U65: https://drive.google.com/file/d/1tUXybUyGYcEca246h0tTie_SdJjgYZCQ/view?usp=sharing | AB65: =INT((TODAY()-F65)/365) -> 53
A66: 65 | B66: SUKANTA PRAMANIK | C66: SC | D66: LPS | E66: 50714500334 | F66: 32763 | G66: 54696 | I66: 9523362795 | J66: 8210117695 | K66: CC(R) KOAA | L66: SWADESH MUKHOPADHYAY | O66: 45383 | P66: 45222 | Q66: 45248 | R66: https://drive.google.com/file/d/1NQQYnmYID8Zlpz0Yndxqe59zIFUe8-Ss/view?usp=sharing | S66: https://drive.google.com/file/d/1uxn2hmLCtRwZzeRy0PmKUdW_knEfvUXm/view?usp=share_link | AB66: =INT((TODAY()-F66)/365) -> 36
A67: 66 | B67: BISHNU PROSAD ROY | C67: SC | D67: LPS | E67: 53105040560 | F67: 27395 | G67: 49309 | I67: 7008809634 | K67: CC(R) NORTH | L67: BAIDHAR SINGH | O67: 45277 | P67: 45187 | Q67: 46150 | R67: https://drive.google.com/file/d/1bWQflfyfQvVyYJco9xe98xZsGhWYOPaS/view?usp=sharing | S67: https://drive.google.com/file/d/17-d1Zm_pbBJzzD9YNTdfWtbB-u_t9rfn/view?usp=share_link | T67: https://drive.google.com/file/d/1g5VZ5m0bndSD0stCWbzMQJxXxr0CBHui/view?usp=sharing | AB67: =INT((TODAY()-F67)/365) -> 51
A68: 67 | B68: SUSANTA DEY | C68: UR | D68: LPS | E68: 53162060040 | F68: 28703 | G68: 50617 | I68: 8754532234 | K68: CC(R) SOUTH | L68: R K SABHERWAL | O68: 45492 | P68: 45401 | Q68: 45409 | R68: https://drive.google.com/file/d/15iU8T4DTZDhd5C5Sg2-HOyoQrvkAUziV/view?usp=sharing | S68: https://drive.google.com/file/d/1UhO7hCVpDA219F0ncb9uTPLWKOeTqMDv/view?usp=share_link | V68: =LEN(E68) -> 11 | AB68: =INT((TODAY()-F68)/365) -> 47
A69: 68 | B69: DURGAMADHAB NATH | C69: UR | D69: Sr.ALP | E69: 53162110402 | F69: 29902 | G69: 51835 | I69: 7809278382 | J69: 7809278382 | K69: CC(R) NORTH | L69: S S DEY | O69: 45189 | P69: 45331 | Q69: 45293
A70: 69 | B70: PRIYAJIT BISWAS | C70: UR | D70: Sr.ALP | E70: 53120134378 | F70: 31904 | G70: 53843 | I70: 7780511859 | J70: 7780511859 | K70: CC(R) KOAA | L70: RUWEL MURMU | O70: 45959 | P70: 45403 | Q70: 45403 | R70: https://drive.google.com/file/d/1o1EpbrVIPVdUPde_i3l1CwzL3bgBLwaq/view?usp=sharing | T70: https://drive.google.com/file/d/1iEyCNmLuoMmv6OpiFe6U6cGxxcZzBt3-/view?usp=drive_link
A71: 70 | B71: MRINMOY CHONGDER | C71: UR | D71: Sr.ALP | E71: 53162131148 | F71: 30024 | G71: 51956 | I71: 9230985252 | K71: CC(R) KOAA | L71: MAHADEO MANJHI | O71: 45970 | P71: 45821 | Q71: 45804 | R71: https://drive.google.com/file/d/14t4Bp0pLoZ0LcyFpTd0PeCzFkRSXcxLG/view?usp=sharing | T71: https://drive.google.com/file/d/1Rln8lHZOjOCD8FNbE8Qeu_QwPqQ-osD4/view?usp=share_link | W71: =INT((TODAY()-F71)/365) -> 44
A72: 71 | B72: TANMOY DUTTA | C72: UR | D72: Sr.ALP | E72: 53162140206 | F72: 30369 | G72: 52290 | K72: CC(R) KOAA | L72: SUSOVAN KAR | O72: 46092 | P72: 45248 | Q72: 46118 | R72: https://drive.google.com/file/d/1wlaTnjFuGXM5GMRViu2qaMc63-z9HR1-/view?usp=sharing | W72: =INT((TODAY()-F72)/365) -> 43
A73: 72 | B73: SUBRATA BISWAS | C73: UR | D73: Sr.ALP | E73: 53163080082 | F73: 29282 | G73: 51226 | I73: 8144966248 | K73: CC(R) KOAA | L73: MAHADEO MANJHI | O73: 45480 | P73: 45765 | Q73: 45183 | T73: https://drive.google.com/file/d/1heROVuQ2__ljZOs2ovIixIGOT8dHPPdI/view?usp=sharing | V73: =LEN(E73) -> 11 | AB73: =INT((TODAY()-F73)/365) -> 46
A74: 73 | B74: SUKANTA CHAKRABORTY | C74: UR | D74: Sr.ALP | E74: 53162131226 | F74: 32666 | G74: 54604 | I74: 7908045882 | K74: CC(R) NORTH | L74: B M KALUNDIA | O74: 45978 | P74: 45222 | Q74: 45113 | R74: https://drive.google.com/file/d/1K2Csw2qcUupR1IiBnMS77PdyeK1W74oO/view?usp=sharing | X74: =INT((TODAY()-F74)/365) -> 36
A75: 74 | B75: AMIT SARKAR | C75: UR | D75: Sr.ALP | E75: 53162131086 | F75: 32624 | G75: 54543 | I75: 8910018720 | K75: CC(R) NORTH | L75: SIDDHARTHA BISWAS | O75: 45963 | P75: 45187 | Q75: 45113 | R75: https://drive.google.com/file/d/1RUrjjn4KFBklZ8kSuPFdLM3u9QECuPeB/view?usp=sharing
A76: 75 | B76: BIJOY DAS | C76: SC | D76: Sr.ALP | E76: 53162131117 | F76: 31340 | G76: 53266 | I76: 919830815643 | K76: CC(R) NORTH | L76: SAMARESH MONDAL | O76: 45992 | P76: 45176 | Q76: 45156 | R76: https://drive.google.com/file/d/1aNlchrdNc6fasUt6vKOAl74z9PgC_kMx/view?usp=sharing
A77: 76 | B77: ANUP BHUKTA | C77: UR | D77: Sr.ALP | E77: 39329801410 | F77: 34407 | G77: 56339 | I77: 7980159725 | J77: 7872257353 | K77: CC(R) NORTH | L77: SHIVA SANKAR MONDAL | O77: 45110 | P77: 46106 | Q77: 46032 | R77: https://drive.google.com/file/d/1Hy1LgjHX7zWNvxwixR_Vtw9zDeDMVUTk/view?usp=sharing
A78: 77 | B78: PRIYAM SAHA | C78: SC | D78: Sr.ALP | E78: 3429800701 | F78: 32794 | G78: 54727 | I78: 917003049799 | K78: CC(R) NORTH | L78: SWAPAN KUMAR MONDAL | O78: 45460 | P78: 45145 | Q78: 46060 | R78: https://drive.google.com/file/d/1v0mExSOMUU3aeQiXBIPxCeryARh9PCfy/view?usp=sharing | W78: =INT((TODAY()-F78)/365) -> 36
A79: 78 | B79: SATYAJIT MATABBAR | C79: SC | D79: Sr.ALP | E79: 3429800703 | F79: 33731 | G79: 55670 | I79: 919681602268 | K79: CC(R) NORTH | L79: RUWEL MURMU | O79: 45446 | P79: 45145 | Q79: 46060 | R79: https://drive.google.com/file/d/1DZtqWg9sXKNqqjvUrwuKl_2MRL6KTTnq/view?usp=sharing | W79: =INT((TODAY()-F79)/365) -> 33
A80: 79 | B80: ANOY KR MONDAL | C80: UR | D80: Sr.ALP | E80: 53120134346 | F80: 33344 | G80: 55273 | I80: 7908003191 | J80: 9434389300 | K80: CC(R) NORTH | L80: A C JHA | O80: 45951 | P80: 45653 | Q80: 45605 | R80: https://drive.google.com/file/d/1MVxKoeg_J66UViyXu7X9HkORPoI8s7CO/view?usp=sharing
A81: 80 | B81: Sandip Kumar Kar | C81: UR | D81: Sr.ALP | E81: 53120134352 | F81: 31772 | G81: 53692 | K81: CC(R) NORTH | L81: TAMOJIT NANDY | O81: 45959 | P81: 46070 | Q81: 46242 | R81: DSL
A82: 81 | B82: Babai Biswas | C82: UR | D82: Sr.ALP | E82: 53120134363 | F82: 31781 | G82: 53723 | K82: CC(R) NORTH | L82: SHYAMAL PRADHAN | O82: 46001 | P82: 46070 | Q82: 46242 | R82: DSL
A83: 82 | B83: PROKASH BISWAS | C83: UR | D83: Sr.ALP | E83: 53162131253 | F83: 32918 | G83: 51194 | I83: 8339911046 | K83: CC(R) NORTH | L83: SUDIP ROY | O83: 46027 | P83: 46178 | Q83: 46117 | R83: https://drive.google.com/file/d/1ZOzEeOj5OPDxypVWHHf33fjZfjvFwu8K/view?usp=sharing
A84: 83 | B84: RAMEN BISWAS | C84: SC | D84: Sr.ALP | E84: 53120134399 | F84: 31813 | G84: 53751 | I84: 917842634548 | K84: CC(R) NORTH | L84: BIBHAS SARKAR | O84: 45963 | P84: 45107 | Q84: 45636 | R84: https://drive.google.com/file/d/1iCRkCMlN8phsq4osFz9n6TKx5VTPPAKy/view?usp=sharing | W84: =INT((TODAY()-F84)/365) -> 39
A85: 84 | B85: SUMAN KUMAR DAS | C85: SC | D85: Sr.ALP | E85: 50200109885 | F85: 28097 | G85: 50040 | I85: 9230985257 | K85: CC(R) KOAA | L85: ANIMESH SARKAR | O85: 45767 | P85: 45499 | Q85: 45373 | T85: https://drive.google.com/file/d/10GXzH3moWgZo0P6p6ZnISfpNNJqHSUet/view?usp=sharing | W85: =INT((TODAY()-F85)/365) -> 49
A86: 85 | B86: Arka Ganguli | C86: UR | D86: Sr.ALP | E86: 53120134408 | F86: 31976 | G86: 53904 | K86: CC(R) NORTH | L86: TAMOJIT NANDY | O86: 45997 | P86: 46616 | Q86: 46242 | R86: Elect
A87: 86 | B87: SOUMITRA SARDAR | C87: SC | D87: Sr.ALP | E87: 53162140046 | F87: 32584 | G87: 54513 | I87: 7008625743 | J87: 7377658377 | K87: CC(R) KOAA | L87: BAIDHAR SINGH | O87: 45491 | P87: 45791 | Q87: 45804
A88: 87 | B88: SUMAN SAHA | C88: SC | D88: Sr.ALP | E88: 53162131123 | F88: 32567 | G88: 54482 | I88: 7381599096 | J88: 7381599096 | K88: CC(R) KOAA | L88: NALINI KHAN | O88: 46013 | P88: 45905 | Q88: 45916 | R88: https://drive.google.com/file/d/1FYVw087SyaM-W9MRTXDxg7upfwvQYhGp/view?usp=sharing

Sheet SUPV
F1: SUPERVISOR
A2: SL | B2: Name | C2: Degn | D2: PF | E2: HRMS ID | F2: De Cat/Drafted | G2: DOB | H2: DOR | I2: Working Place | J2: CATEGORY | S2: https://drive.google.com/file/d/13K0tKGCS-xAkq8osVj7iE90VXxeqOUnR/view?usp=sharing | T2: https://drive.google.com/file/d/13K0tKGCS-xAkq8osVj7iE90VXxeqOUnR/view?usp=sharing | U2: =LEN(F2) -> 14
A3: 1 | B3: Monoj Kumar Prasad | C3: LPP | E3: UBIIWK | F3: De Cat ACCR | G3: 29041 | H3: 50982 | I3: CC(R) BT | J3: UR
A4: 2 | B4: Abhishek Kumar Singh | C4: LPG | E4: IRRXDT | F4: De Cat ACCR | G4: 32509 | H4: 54423 | I4: CC(R) NORTH | J4: UR
A5: 3 | B5: A B Sau | C5: LPP | E5: AOSKBS | F5: De Cat ACCR | G5: 24415 | H5: 46356 | I5: CC(R) NORTH | J5: UR
A6: 4 | B6: Abhijit Das | C6: LPP | E6: LTMMJF | F6: De Cat CCR | G6: 24807 | H6: 46721 | I6: CC(R) DDJ | J6: UR
A7: 5 | B7: Sami Haider Mehdi | C7: LPP | E7: ZMYWHM | F7: De Cat ACCR | G7: 31782 | H7: 53723 | I7: CC(R) NH | J7: UR
A8: 6 | B8: Pratanu Banerjee | C8: LPP | D8: 50205384370 | E8: DGOXDT | F8: De cat PC | G8: 24417 | H8: 46356 | I8: CC(R) NORTH | J8: UR
A9: 7 | B9: Rahuldeb Bera | C9: LPG | D9: 50205602403 | E9: OUQOYW | F9: De cat PC | G9: 31544 | H9: 53478 | I9: CC(R) NORTH | J9: UR
A10: 8 | B10: PRADYUT KUMAR BHATTACHARYYA | C10: LPG | E10: RHAHJF | F10: De Cat ACCR | G10: 24171 | H10: 46112 | I10: CC(R) BT | J10: UR
A11: 9 | B11: GANGA PRASAD | C11: MOTORMAN | D11: 502S4773342 | E11: HDWDPE | F11: De Cat ACCR | G11: 24192 | H11: 46112 | I11: CC(R) SOUTH | J11: ST | T11: https://drive.google.com/file/d/1FwQl479f7Gl5Z94szDju0ZbEA0hy8w52/view?usp=sharing | U11: https://drive.google.com/file/d/1LXdpiv17w2-NEghJIDgV11eacHTYaqtc/view?usp=sharing | V11: =LEN(TEXT(D11,0)) -> 11 | W11: =INT((TODAY()-G11)/365) -> 60
A12: 10 | B12: HIRAMON BISWAS | C12: MOTORMAN | D12: 50205607498 | E12: IJYEAB | F12: De Cat ACCR | G12: 30446 | H12: 52382 | I12: CC(R) RHA | J12: UR | T12: https://drive.google.com/file/d/1I2I5B6BpmF37Qx24yZyujL5OUVLnY14O/view?usp=sharing | U12: https://drive.google.com/file/d/1RDouOLrXidK85ImZ5txUuaecw3W6q3IF/view?usp=sharing | V12: =LEN(D12) -> 11 | AB12: =INT((TODAY()-G12)/365) -> 42
A13: 11 | B13: ASIPI CHANDRA SEKHAR | C13: MOTORMAN | D13: 50205607360 | E13: ZQPGLL | F13: De Cat ACCR | G13: 32197 | H13: 54117 | I13: CC(R) NORTH | J13: UR | T13: https://drive.google.com/file/d/1A4MNy1Vo41-apcyaqB_WO3lGXoMBYQge/view?usp=sharing | U13: https://drive.google.com/file/d/1RW1peroa_HL5AVTUF-sT3Ve_I6uNirn-/view?usp=sharing | V13: =LEN(D13) -> 11 | W13: =INT((TODAY()-G13)/365) -> 38
A14: 12 | B14: KAMAL PAUL | C14: MOTORMAN | D14: 50212133656 | E14: WQJCKA | F14: De Cat ACCR | G14: 28120 | H14: 50040 | I14: CC(R) BT | J14: UR | L14: UTPAL HALDER | M14: 8420320025 | O14: 45148 | P14: 45115 | Q14: 45145 | T14: https://drive.google.com/file/d/1Wop4nH181cpuY2bfrxrXnBecZHb7DRa4/view?usp=sharing | U14: https://drive.google.com/file/d/1Gba5174kLQCAC2qUs2UMrnIWhk55ykL5/view?usp=sharing | V14: =INT((TODAY()-G14)/365) -> 49
A15: 13 | B15: SUSANTA ROY | C15: MOTORMAN | D15: 50205419426 | E15: CNAOUP | F15: Drafted CCR | G15: 26429 | H15: 48365 | I15: CC(R) NH | J15: UR | K15: CC(R) NH | L15: ANIMESH SARKAR | M15: 9002079031 | O15: 45105 | P15: 44999 | Q15: 46020 | T15: https://drive.google.com/file/d/1KG7gllv_2R36Q7RZRojoWCMleFXiwiZ7/view?usp=sharing | U15: https://drive.google.com/file/d/1KG7gllv_2R36Q7RZRojoWCMleFXiwiZ7/view?usp=sharing | V15: =LEN(D15) -> 11 | X15: =INT((TODAY()-G15)/365) -> 53
A16: 14 | B16: SUDIPTA BISWAS | C16: MOTORMAN | D16: 50209822471 | E16: SNEKLK | F16: Drafted CCR | G16: 29483 | H16: 51409 | I16: CC(R) NORTH | J16: UR | K16: CC(R) DDJ | L16: KALYAN DAS | M16: 9002071365 | O16: 45235 | P16: 45751 | Q16: 45187 | S16: https://drive.google.com/file/d/1_TYSin2hI8TRtR8Y8JfuP2QaLnfk7b7f/view?usp=sharing | T16: https://drive.google.com/file/d/1tWNTQEukqYW5QHwYA_L9RtKiAt09VPMX/view?usp=sharing | V16: =LEN(TEXT(D16,0)) -> 11 | W16: =INT((TODAY()-G16)/365) -> 45
A17: 15 | B17: SHIBA PRASAD SARKAR | C17: MOTORMAN | D17: 50205843121 | E17: YTMTEL | F17: Drafted ACCR | G17: 24176 | H17: 46112 | I17: CC(R) NH | J17: UR | K17: CC(R) NH | L17: SANKAR PRASAD BAISYA | M17: 9002071886 | N17: 9433438966 | O17: 45361 | P17: 45527 | Q17: 45481 | U17: https://drive.google.com/file/d/1KPBPrYei0LHPhXMunz-jwYLtcXUFkkcG/view?usp=sharing | V17: =LEN(D17) -> 11 | X17: =INT((TODAY()-G17)/365) -> 60
A18: 16 | B18: SARAF RAJ AHAMAD | C18: MOTORMAN | D18: 50205520514 | E18: ADIQJC | F18: Drafted ACCR | G18: 28686 | H18: 50617 | I18: CC(R) BT | J18: UR | K18: CC(R) BT | L18: SIBASIS ROY | M18: 9002079753 | N18: 9674475290 | O18: 45336 | P18: 45537 | Q18: 45537 | U18: https://drive.google.com/file/d/1KhGesXJ-as7jmTB_Z80ogJ0yriW8japI/view?usp=sharing | V18: =LEN(TEXT(D18,0)) -> 11 | W18: =INT((TODAY()-G18)/365) -> 47
A19: 17 | B19: SHASHI KANT KUMAR | C19: MOTORMAN | D19: 50205602543 | E19: CHJNTK | F19: De Cat ACCR | G19: 33470 | H19: 55396 | I19: CC(R) KOAA | J19: UR | K19: CC(R) SOUTH | L19: BAIDHAR SINGH | M19: 9002071286 | O19: 45832 | P19: 45097 | Q19: 45622 | T19: https://drive.google.com/file/d/1KlXcWXtRZTy3wgT4-DQnwCCWmrYxYgS2/view?usp=sharing | U19: https://drive.google.com/file/d/1ngpr6fLoRznyT2oH8FCkWdI4tAUtdis8/view?usp=sharing | V19: =LEN(D19) -> 11 | W19: =INT((TODAY()-G19)/365) -> 34
A20: 18 | B20: SANTOSH CHAUDHARY | C20: MOTORMAN | D20: 50205612172 | E20: ODFDPA | F20: De Cat ACCR | G20: 31838 | H20: 53782 | I20: CC(R) DDJ | J20: UR | K20: CC(R) NORTH | L20: KALYAN DAS | M20: 8583816485 | N20: 53782 | O20: 46057 | P20: 45280 | Q20: 45928 | T20: https://drive.google.com/file/d/13M06CT-1p2lXb6Zs84PtSSbFUvkfZtzC/view?usp=sharing | V20: =LEN(D20) -> 11 | X20: =INT((TODAY()-M20)/365) -> -23517180
A21: 19 | B21: JOYCHAND SARKAR | C21: MOTORMAN | D21: 50200116555 | E21: XIGFKA | F21: De Cat ACCR | G21: 29256 | H21: 51195 | I21: CC(R) RHA | J21: UR | K21: CC(R) RHA | L21: SUBHASIS MAITY | M21: 9002071000 | N21: 51195 | O21: 45232 | P21: 45720 | Q21: 45649 | U21: https://drive.google.com/file/d/1oiGJUGjOYjUeBBGjFQb5u1QFm52alALO/view?usp=sharing | V21: =LEN(D21) -> 11 | X21: =INT((TODAY()-#REF!)/365) -> #REF! | AB21: =INT((TODAY()-#REF!)/365) -> #REF!
A22: 20 | B22: BISWAJIT MALLICK | C22: LPG | D22: 50208AB0436 | E22: WUSOMB | F22: De Cat ACCR | G22: 31909 | H22: 53843 | I22: CC(R) BT | J22: UR | M22: 9002071502
A23: 21 | B23: BIPLAB BASAK | C23: MOTORMAN | D23: 50209416961 | E23: KSRAQU | F23: De Cat ACCR | G23: 26910 | H23: 48852 | I23: CC(R) NH | J23: UR | L23: BIBHAS SARKAR | M23: 9002071015 | N23: 9002240992 | O23: 45105 | P23: 45608 | Q23: 45591 | T23: https://drive.google.com/file/d/17oEq-20GxKpdjjBWNnW_Y7ZWw3MNo8Ym/view?usp=sharing | U23: https://drive.google.com/file/d/1Oy35Fpes_AA-d1bmBDQ7xVvvNVwK0BXB/view?usp=sharing | V23: =LEN(D23) -> 11 | X23: =INT((TODAY()-G23)/365) -> 52
A24: 22 | B24: Biplab Das | C24: MOTORMAN | D24: 50205411828 | E24: KGEFWG | F24: Drafted ACCR | G24: 26330 | H24: 48244 | I24: CC(R) NORTH | J24: UR | K24: CC(R) NORTH | L24: P K PAL | M24: 9002071347 | O24: 45329 | P24: 45691 | Q24: 45654 | R24: Elect | U24: https://drive.google.com/file/d/1RxvDs-kA2ZOpDDIQECKDJ5cAkHW5WEQJ/view?usp=sharing | V24: https://drive.google.com/file/d/1ULPjv7wvQhNfLCfbxniUtbY2lvaFrOio/view?usp=sharing
A25: 23 | B25: ASHIM SANTRA | C25: MOTORMAN | D25: 50205613334 | E25: XNOFER | F25: Drafted PC | G25: 30774 | H25: 52717 | I25: CC(R) NORTH | J25: UR | K25: CC(R) NORTH | L25: AMITAV TARAFDER | M25: 6290086813 | N25: 6290086813 | O25: 46148 | P25: 45499 | Q25: 45356 | T25: https://drive.google.com/file/d/11jby2L3E-nGtwhYZ-s4Y9b_OaNTtB71x/view?usp=sharing | V25: =LEN(TEXT(D25,0)) -> 11 | W25: =INT((TODAY()-#REF!)/365) -> #REF!
A26: 24 | B26: Manas Kumar Saha | C26: MOTORMAN | D26: 50205419207 | E26: TWPWRF | F26: Drafted PC | G26: 26646 | H26: 48579 | I26: CC(R) SOUTH | J26: UR | K26: CC(R) SOUTH | L26: UTPAL HALDER
A27: 25 | B27: SUBIR PAUL | C27: MOTORMAN | D27: 50205407199 | E27: QPMJTJ | F27: Drafted CCR | G27: 26269 | H27: 48213 | I27: CC(R) SOUTH | J27: UR | K27: CC(R) SOUTH | L27: MAHADEO MANJHI | M27: 9002071891 | N27: 9002071891 | O27: 45101 | P27: 45695 | Q27: 45563 | T27: https://drive.google.com/file/d/1WofV4QtKx3gNJy2ITK4X1TW8yVM--WY5/view?usp=sharing | U27: https://drive.google.com/file/d/1oGM8yTWrL1CGxFavu8clDbHII1tw6cNn/view?usp=sharing | V27: =LEN(TEXT(D27,0)) -> 11 | W27: =INT((TODAY()-G27)/365) -> 54
A28: 26 | B28: ABHISHEK KUMAR GUPTA | C28: MOTORMAN | D28: 50205584024 | E28: EWCMPQ | F28: Drafted ACCR | G28: 30865 | H28: 52809 | I28: CC(R) DDJ | J28: UR | K28: CC(R) NORTH | L28: SUDIP ROY | M28: 9002071374 | O28: 46053 | P28: 45825 | Q28: 45842 | T28: https://drive.google.com/file/d/16JyxQkbnzPFVnpEyLYF3yOqqD3Tek_aJ/view?usp=sharing | U28: https://drive.google.com/file/d/1eZsZ-V_Wq5U9R-7VTdmD2T_3J_hjLAsL/view?usp=share_link | V28: =LEN(D28) -> 11 | W28: =INT((TODAY()-G28)/365) -> 41
A29: 27 | B29: SUDIPTA GHOSH DOSTIDAR | C29: LPG | D29: 50200065730 | E29: CQHEHJ | F29: Drafted ACCR | G29: 27396 | H29: 49340 | I29: CC(R) NORTH | J29: UR | K29: CC(R) NORTH | L29: M A RAHAMAN | M29: 9002071343 | O29: 45614 | P29: 46133 | Q29: 46133 | S29: https://drive.google.com/file/d/1rldKAj2x19nj5AbOibBfKubqMm7ux6Q9/view?usp=sharing | T29: https://drive.google.com/file/d/1eJVKt7NpBRE9i_QIdgo3-uJYaJmBmKec/view?usp=sharing | V29: =LEN(TEXT(D29,0)) -> 11 | X29: =INT((TODAY()-G29)/365) -> 51 | AB29: https://drive.google.com/file/d/16r188Cr-5h-6mraZGXWAgNyskc0XF5OX/view?usp=sharing
A30: 28 | B30: DEB KUMAR DUBEY | C30: MOTORMAN | D30: 502N0007683 | E30: XNXCLL | F30: De Cat ACCR | G30: 28961 | H30: 50890 | I30: CC(R) NORTH | J30: UR | K30: CC(R) SOUTH | L30: MAHADEO MANJHI | M30: 9002071792 | O30: 45398 | P30: 45748 | Q30: 45830 | T30: https://drive.google.com/file/d/1zopFaH72k9O23ml9DwSZ7ho2sSNrXd0X/view?usp=sharing | U30: https://drive.google.com/file/d/16D4uytSjtj4OZKdYMD7jn5c_1H0Yl3TO/view?usp=sharing | V30: =LEN(TEXT(D30,0)) -> 11 | W30: =INT((TODAY()-G30)/365) -> 46
A31: 29 | B31: BISWJIT SIKDER | C31: LPG | D31: 50212132123 | E31: EUHIMR | F31: De Cat ACCR | G31: 27552 | H31: 49490 | I31: CC(R) RHA | J31: UR | K31: CC(R) RHA | M31: 9163382223
A32: 30 | B32: Dulal Chandra Ghatak | C32: LPG | D32: 50205423521 | E32: AGIBWE | F32: De Cat CCR | G32: 26538 | H32: 48457 | I32: CC(R) RHA | J32: RHA | K32: CCR/RHA
A33: 31 | B33: Samit Das | C33: LPG | D33: 50207661952 | E33: ZQENXL | F33: De Cat ACCR | G33: 27631 | H33: 49552 | I33: CC(R) NORTH | J33: SDAH | K33: PCNL/SDAH
A34: 32 | B34: Shyamal Kumar Das | C34: LPG | D34: 50205423510 | E34: OCOHQG | F34: De Cat ACCR | G34: 26665 | H34: 48610 | I34: CC(R) DDJ | J34: DDJ | K34: PCNL/HQ
A35: 33 | B35: Sushanta Kumar Mandal | C35: LPG | D35: 50204631821 | E35: YGYXZY | F35: De Cat ACCR | G35: 24797 | H35: 46721 | I35: CC(R) DDJ | J35: DDJ | K35: CCCR/DDJ
A36: 34 | B36: BISWAJIT GHOSH | C36: MOTORMAN | D36: 50205612305 | E36: GSMCKK | F36: De Cat ACCR | G36: 29240 | H36: 51166 | I36: CC(R) NORTH | J36: 9874335296 | K36: CC(R) NORTH | L36: BIBHAS SARKAR | O36: 45677 | P36: 45337 | Q36: 45316 | T36: https://drive.google.com/file/d/1dAEifGEZ0HGN34g3ghcLtqTsneTDjDRf/view?usp=sharing | U36: https://drive.google.com/file/d/1lGCL39cNnGIhkjJe_GmhrOvdmtNzl4uE/view?usp=drive_link | V36: =LEN(TEXT(D36,0)) -> 11 | W36: =INT((TODAY()-G36)/365) -> 46
A37: 35 | B37: UDAY SHANKER KUMAR | C37: MOTORMAN | D37: 50205616384 | E37: HQLHKT | F37: De Cat ACCR | G37: 31265 | H37: 53205 | I37: CC(R) KOAA | J37: 8340486155 | K37: CC(R) SOUTH | L37: R K SABHERWAL | O37: 46067 | P37: 45628 | Q37: 45524 | T37: https://drive.google.com/file/d/1YFAKPUxBhaVe9t0M0ZEcYKtAAvxLArGI/view?usp=sharing | U37: https://drive.google.com/file/d/1RfXZ-nerpcHxU-tF47zfDtifH2huqHsb/view?usp=sharing | V37: =LEN(TEXT(D37,0)) -> 11 | AB37: =INT((TODAY()-G37)/365) -> 40
A38: 36 | B38: Raj Kishore Sinha | C38: LPG | D38: 50207313871 | E38: HDDKMG | F38: De Cat ACCR | G38: 25331 | H38: 47269 | I38: CC(R) DDJ | K38: CC(R) DDJ | L38: TAMOJIT NANDY | O38: 45751 | P38: 45839 | Q38: 45814 | R38: DSL | AE38: 03.12.1987 | AF38: 01.07.2018
B39: N0N UTILISED STAFF
A42: Sl No. | B42: Name | C42: Lobby | D42: PF NO | E42: HRMS ID | F42: Working As | G42: DOB | H42: DOR | I42: Contact Num | J42: CATEGORY
A43: 1 | B43: Amitav Tarafder | C43: BT | D43: 50205389306 | E43: QQBMOX | F43: CLI | G43: 25449 | H43: 47391 | I43: 9002071696 | J43: UR
A44: 2 | B44: Debabrata Dutta | C44: SDAH | D44: 50205419050 | E44: NYWIBX | F44: CLI | G44: 27180 | H44: 49095 | I44: 9002079068 | J44: UR
A45: 3 | B45: Kuntal Ghosh | C45: NH | D45: 50207696553 | E45: CUMCJS | F45: CLI | G45: 24545 | H45: 46477 | I45: 9002071193 | J45: UR
A46: 4 | B46: Sanjay Biswas | C46: SDAH | D46: 50205355291 | E46: GGCURT | F46: CLI | G46: 24333 | H46: 46265 | I46: 9002071287 | J46: UR
A47: 5 | B47: S. K. Mondal | C47: SDAH | D47: 50209378960 | E47: KEFAIZ | F47: CLI | G47: 24531 | H47: 46446 | I47: 9002071756 | J47: UR
A48: 6 | B48: Utpal Halder | C48: SDAH | D48: 50205419128 | E48: YYZEBI | F48: CLI | G48: 28858 | H48: 50801 | I48: 9002079797 | J48: UR
A49: 7 | B49: Seba Baskey | C49: MLDT | D49: 502S4773380 | E49: GOCHBU | F49: CLI | G49: 25235 | H49: 47177 | I49: 9002074518 | J49: ST
A50: 8 | B50: Y.R.Meena | C50: ALD | D50: 50205420933 | E50: MKMDYT | F50: CLI | G50: 28764 | H50: 50709 | J50: ST
A51: 9 | B51: RUWEL MURMU | C51: KOAA | D51: 50213690176 | E51: XDQEOA | F51: CLI | G51: 24616 | H51: 46538 | I51: 9002071609 | J51: ST | K51: CC(R) NORTH | L51: DINESH PRASAD MANDAL | O51: 44692 | P51: 44519 | Q51: 45481 | T51: https://drive.google.com/file/d/1Ps939u8EPmfnbBlQXQ31fjDcEayYwBix/view?usp=sharing | V51: =LEN(TEXT(D51,0)) -> 11 | W51: 42702 | Z51: SUITABLE | AB51: =INT((TODAY()-G51)/365) -> 58
A52: 10 | B52: R K SABHERWAL | C52: KOAA | D52: 50205331031 | E52: ALOESF | F52: CLI | G52: 24506 | H52: 46446 | I52: 9002071248 | J52: UR | K52: CC(R) NORTH | L52: GOUTAM SAHA | O52: 44595 | P52: 45057 | Q52: 44771 | S52: https://drive.google.com/file/d/11xvaeAX7di0OZ4oOXbDHDkr82y_6xqRn/view?usp=sharing | T52: https://drive.google.com/file/d/1cI_iyow2u84EnM4cKlNQnX_Y9VCZI6th/view?usp=sharing | U52: https://drive.google.com/file/d/1C1AsAPM3z6ujFGf1pffz16SYN-syPSXb/view?usp=sharing | V52: =LEN(TEXT(D52,0)) -> 11 | W52: 43241 | Z52: SUITABLE | AB52: =INT((TODAY()-G52)/365) -> 59
A53: 11 | B53: KALYAN DAS | C53: KOAA | D53: 50205355424 | E53: JJNPXF | F53: CLI | G53: 24455 | H53: 46387 | I53: 9002071188 | J53: UR | K53: CC(R) NORTH | L53: SUMANTA SEN | O53: 44505 | P53: 45487 | Q53: 45284 | T53: https://drive.google.com/file/d/1IltIQUvNWjz57uFun_RBqLxueIcJdIgP/view?usp=sharing | U53: https://drive.google.com/file/d/1IltIQUvNWjz57uFun_RBqLxueIcJdIgP/view?usp=sharing | V53: =LEN(D53) -> 11 | AB53: =INT((TODAY()-G53)/365) -> 59
A54: 12 | B54: SHAILENDRA SINGH MUNDA | C54: SDAH | D54: 50205421044 | E54: ZPDACQ | F54: CLI | G54: 28523 | H54: 50464 | I54: 9002071879 | J54: ST
A55: 13 | B55: SANJAY KUMAR GUPTA | C55: SDAH | D55: 50207958500 | E55: OGNHDE | F55: CLI | G55: 25521 | H55: 47452 | I55: 9002071883 | J55: UR | K55: CC(R) KOAA | L55: UTPAL HALDER | O55: 45610 | P55: 45234 | Q55: 45622 | T55: https://drive.google.com/file/d/1eQSJP6AlBMF2c2krmCPtp1LmGfN-b9ut/view?usp=sharing | U55: https://drive.google.com/file/d/1eQSJP6AlBMF2c2krmCPtp1LmGfN-b9ut/view?usp=sharing | V55: =LEN(TEXT(D55,0)) -> 11 | W55: 43264 | Z55: SUITABLE | AB55: =INT((TODAY()-G55)/365) -> 56
A56: 14 | B56: SUSHOVAN KAR | C56: NH | D56: 50205827875 | E56: EUWFFL | F56: CLI | G56: 25107 | H56: 47026 | I56: 9002071283 | J56: UR | K56: As lien. | M56: 03.08.20 (M/Man)
A57: 15 | B57: ABU TAYAB KHAN | C57: SDAH | D57: 22114588869 | E57: PBKHDA | F57: CLI | G57: 25247 | H57: 47177 | I57: 9002071640 | J57: UR | K57: As lien.
A58: 16 | B58: SIDDHARTHA BISWAS | C58: NH | D58: 50205407254 | E58: KUKKIN | F58: CLI | G58: 24838 | H58: 46752 | I58: 9002071888 | J58: UR | K58: CC(R) NH | L58: GOUTAM SARKAR | O58: 44927 | P58: 45212 | Q58: 45537 | T58: https://drive.google.com/file/d/1dHAe3fOiIj7kIUYuKVw6t_-hitV2e5NY/view?usp=sharing | U58: https://drive.google.com/file/d/1oMsHJm6vBGbWdvEajgTCz5l1w_wOrvnC/view?usp=sharing | V58: =LEN(D58) -> 11 | X58: =INT((TODAY()-G58)/365) -> 58
A59: 17 | B59: Bibhas Sarkar | C59: NH | D59: 50209612348 | E59: PBTUCA | F59: CLI | G59: 24695 | H59: 46630 | I59: 9002071704 | J59: UR | K59: CC(R) NH | L59: GOUTAM SAHA
A60: 18 | B60: TAPAS KUMAR DE I | C60: NH | D60: 50205389290 | E60: MEWQGL | F60: CLI | G60: 24390 | H60: 46326 | I60: 9002071758 | J60: UR | K60: CC(R) NH | L60: GOUTAM SARKAR | O60: 45199 | P60: 44968 | Q60: 45842 | T60: https://drive.google.com/file/d/1boy_c-CIDBeN_V1AqSZnA-81w0DCIaUy/view?usp=sharing | U60: https://drive.google.com/file/d/1bCpLZU4J0nHJFc5v-O6qvnrSU7BwD1C_/view?usp=share_link | V60: =LEN(D60) -> 11 | X60: =INT((TODAY()-G60)/365) -> 59
A61: 19 | B61: MAHADEO MANJHI | C61: BT | D61: 50220052503 | E61: NCSRCZ | F61: CLI | G61: 26317 | H61: 48244 | I61: 9002071111 | J61: ST | K61: CC(R) KOAA | L61: S C SARKAR | O61: 45674 | P61: 45212 | Q61: 45108 | T61: https://drive.google.com/file/d/1_JPHa9nKTPyQWafKLvIAfD4jYp77YWY9/view?usp=sharing | U61: https://drive.google.com/file/d/1dOTnK_rw94pfqYD-qWnKV9SyaMHyVaOC/view?usp=sharing | V61: =LEN(TEXT(D61,0)) -> 11 | W61: =INT((TODAY()-G61)/365) -> 54
A62: 20 | B62: BRAJ MOHAN KALUNDIA | C62: RHA | D62: 50205522468 | E62: KFXYKT | F62: CLI | G62: 29179 | H62: 51104 | I62: 9002079065 | J62: ST | K62: CC(R) KOAA | L62: A C JHA | O62: 45616 | P62: 45232 | Q62: 45989 | T62: https://drive.google.com/file/d/1D7xEQRgoTpMOXqtiWRg-7F2fOZtQaN3i/view?usp=sharing | U62: https://drive.google.com/file/d/1D7xEQRgoTpMOXqtiWRg-7F2fOZtQaN3i/view?usp=sharing | V62: =LEN(TEXT(D62,0)) -> 11 | W62: =INT((TODAY()-G62)/365) -> 46
A63: 21 | B63: SUDIP ROY | C63: RHA | D63: 50205373566 | E63: RKMRUX | F63: CLI | G63: 24725 | H63: 46660 | I63: 9002071685 | J63: UR | K63: CC(R) KOAA | L63: S C SARKAR | O63: 45128 | P63: 46164 | Q63: 45760
A64: 22 | B64: SAMARESH MANDAL | C64: BT | D64: 50205390837 | E64: ICXGAM | F64: CLI | G64: 24490 | H64: 46418 | I64: 9002071742 | J64: UR | K64: CC(R) BT | L64: J.S.BASAK | M64: Reinstate as per Sr DPO's Office order dated 31.05.24 & 18.06.24 | O64: 45121 | P64: 45608 | Q64: 45481 | T64: https://drive.google.com/file/d/1yGi8AXveg_wU7kj8czV75bP15ogjETQ9/view?usp=sharing | U64: https://drive.google.com/file/d/1QDPAuBKUUa9QXPpu5TzGIQW3QcCyWhyi/view?usp=sharing | V64: =INT((TODAY()-G64)/365) -> 59 | X64: COMPULSARY RETIREMENT ON DEC'2023
A65: 23 | B65: TAMOJIT NANDY | C65: SDAH | D65: 502S4780504 | E65: NECLEE | F65: CLI | G65: 14/01/1967 | H65: 46418 | I65: 9163382027 | J65: UR
A66: 24 | B66: SUMIT BHATTACHARJEE | C66: SDAH | D66: 50204610738 | E66: CYXIAG | F66: CLI | G66: 24473 | H66: 46387 | I66: 9163382125 | J66: UR
A67: 25 | B67: SUBRATA SAHA | C67: SDAH | D67: 50205825076 | E67: TUYOXU | F67: CLI | G67: 28044 | H67: 50009 | I67: 9163382011 | J67: UR
A68: 26 | B68: SUBIR MONDAL | C68: SDAH | D68: 50212131866 | E68: TJUYWE | F68: CLI | G68: 16/07/1973 | H68: 48791 | I68: 9002079472 | J68: UR
A69: 27 | B69: SOUBHAGYA SARDAR | C69: SDAH | D69: 50205349916 | E69: IRUDUU | F69: CLI | G69: 25571 | H69: 47542 | I69: 9002071527 | J69: SC
A70: 28 | B70: S K PRADHAN | C70: DDJ | D70: 50209362563 | E70: XIJFMM | F70: CLI | G70: 19/11/1966 | H70: 46356 | I70: 9002071447 | J70: UR
A71: 29 | B71: P K Mondal | C71: DDJ | D71: 50212132093 | E71: JQMJRS | F71: CLI | G71: 26/09/1967 | H71: 50313 | I71: 9002071501 | J71: UR
A72: 30 | B72: NALINI KHAN | C72: DDJ | D72: 50205419049 | E72: IZIMHB | F72: CLI | G72: 29201 | H72: 51135 | I72: 9002079094 | J72: UR | K72: CC(R) SOUTH | L72: SUSOVAN KAR | M72: 29201 | N72: 51135 | O72: 45638 | P72: 45222 | Q72: 45200 | T72: https://drive.google.com/file/d/1PXpVM9izrwz4leHAun8_4amYSA_oGg2X/view?usp=sharing | U72: https://drive.google.com/file/d/1zFYVQ_q91fngG4kBAuwx7l0Z3jnr_LX6/view?usp=share_link | V72: =LEN(TEXT(D72,0)) -> 11 | W72: =INT((TODAY()-M72)/365) -> 46
A73: 31 | B73: SHIVA SHANKAR MONDAL | C73: SDAH | D73: 27309384030 | E73: YZQRTW | F73: CLI | G73: 24510 | H73: 46446 | I73: 9002071753 | J73: UR | K73: CC(R) NORTH | L73: BAIDHAR SINGH | M73: 24510 | N73: 46446 | O73: 45324 | P73: 45388 | Q73: 45450 | T73: https://drive.google.com/file/d/1MQKKJJYGuQSPLqRU5Fau5rSNcDxNAoj4/view?usp=sharing | AB73: =INT((TODAY()-M73)/365) -> 59
A74: 32 | B74: Birat Ray | C74: DDJ | D74: 27309417000 | E74: ANGBYA | F74: CLI | G74: 27039 | H74: 48975 | I74: 9241812079 | K74: CC(R) NORTH | L74: RUWEL MURMU | T74: https://drive.google.com/file/d/1KyKzRooKshThBy_Vmxzm6W_y-C6QsmO_/view?usp=sharing
A75: 33 | B75: ASHOK KUMAR SINGH | C75: SDAH | D75: 50205520423 | E75: QNRAXC | F75: CLI | G75: 26847 | H75: =IF(ISBLANK(G75),"", DATE(YEAR(G75)+60,MONTH(G75),DAY(EOMONTH(G75,0)))) -> 48791 | I75: 9002079044 | K75: CC(R) NORTH | L75: R K SABHERWAL | O75: 45277 | P75: 46095 | Q75: 45537 | T75: https://drive.google.com/file/d/1dDIpMMY7KQJ6Qp_5v2GYHDh-qRChakn7/view?usp=sharing | U75: https://drive.google.com/file/d/1dDIpMMY7KQJ6Qp_5v2GYHDh-qRChakn7/view?usp=sharing | V75: =LEN(TEXT(D75,0)) -> 11 | W75: 44119 | Z75: SUITABLE | AA75: https://drive.google.com/file/d/1ShcGLNu52g7aoUMdN_GrigNFyzQwUuzf/view?usp=sharing | AB75: =INT((TODAY()-G75)/365) -> 52
A76: 34 | B76: BISHWANATH CHAKRAWARTI | C76: SDAH | D76: 27510341500 | E76: JAZMHT | F76: CLI | G76: 28672 | H76: 50586 | I76: 9230881675 | K76: CC(R) SOUTH | L76: S S MUNDA | U76: https://drive.google.com/file/d/1jsofSApqwzr0rtsvLB9_BYdOMB_pBsub/view?usp=sharing
A77: 35 | B77: RAMAKANT GUPTA | C77: DDJ | D77: 50205373438 | E77: PYDLJQ | F77: CLI | G77: 24583 | H77: 46507 | I77: 9002071256 | K77: CC(R) NORTH | L77: MAHADEO MANJHI | U77: https://drive.google.com/file/d/1pCMiw1EhAs1voYTm_E94TGYFq4-2Yrnq/view?usp=drive_link
A78: 36 | B78: MALAY KANTI PAUL | C78: SDAH | D78: 50205419074 | E78: EZRLYI | F78: CLI | G78: 28552 | H78: 50495 | I78: 9002079085 | J78: UR | K78: CC(R) SOUTH | L78: J.S.BASAK | O78: 45527 | Q78: 45258 | T78: https://drive.google.com/file/d/1GoIYkx0X9CrNdRnAEBsaJEJBnVpPJ3P1/view?usp=sharing | U78: https://drive.google.com/file/d/1jAldWRLhjvyZe5Q3bSCUqAZdr_Ia9f8l/view?usp=sharing | V78: =LEN(TEXT(D78,0)) -> 11 | W78: =INT((TODAY()-G78)/365) -> 48

Sheet Ministerial
A1: SL | B1: NAME | C1: DEGN | E1: TYPE | F1: HRMS | G1: PF | H1: LOBBY | I1: DEALING SUPV | J1: DOB | K1: DOR
A2: 1 | B2: SMT NAMITA SADHUKHAN | C2: GEN Asst | E2: ministerial | F2: CNQUGU | H2: HQ | I2: P R BISWAS | J2: 24855 | K2: 46783
A3: 2 | B3: PANCHANAN OJHA | C3: OS | E3: ministerial | F3: MCEMNC | H3: HQ | I3: P R BISWAS | J3: 24878 | K3: 46811
A4: 3 | B4: PRABODH RANJAN BISWAS | C4: CHOS | E4: ministerial | F4: SSMYJY | H4: HQ | I4: P R BISWAS | J4: 25204 | K4: 47118
A5: 4 | B5: SUDIPTA NATH | C5: CHIEF TYPIST | E5: ministerial | F5: MAAGQG | H5: HQ | I5: P R BISWAS | J5: 25574 | K5: 47514
A6: 5 | B6: SANKHAJIT SARKAR | C6: CHOS | E6: ministerial | F6: MJNMQM | H6: HQ | I6: P R BISWAS | J6: 25576 | K6: 47514
A7: 6 | B7: MOUSUMI MONDAL | C7: OS | E7: ministerial | F7: KXACNR | H7: HQ | I7: P R BISWAS | J7: 31616 | K7: 53539
A8: 7 | B8: TIASHA SAMADDER | C8: OS | E8: ministerial | F8: BFXGSN | H8: HQ | I8: P R BISWAS | J8: 35935 | K8: 57861
A9: 12 | B9: Ashim Sardar | C9: GEN Asst | E9: ministerial | F9: ONKDFL | G9: 50205400156 | H9: CC(R) NORTH | I9: Supriyo Banerjee | J9: 24515 | K9: 46446
A10: 13 | B10: Satyanarayan Singh | C10: GEN Asst | E10: ministerial | F10: AMIJGO | G10: 50205400144 | H10: CC(R) NORTH | I10: Supriyo Banerjee | J10: 25712 | K10: 47634
A11: 14 | B11: Ananta Deb Sarkar | C11: OS | E11: ministerial | F11: AXMWSH | G11: 51101470281 | H11: CC(R) NORTH | I11: Supriyo Banerjee | J11: 25934 | K11: 47848
A12: 15 | B12: Arup Nandi | C12: CHOS | E12: ministerial | F12: DFZQBN | G12: 50205407114 | H12: CC(R) NORTH | I12: Supriyo Banerjee | J12: 26104 | K12: 48029
A13: 16 | B13: Bikash Ch. Biswas | C13: Sr. Clerk | E13: ministerial | F13: SHGYGQ | G13: 39210NE0329 | H13: CC(R) NORTH | I13: Supriyo Banerjee | J13: 28564 | K13: 50495
A14: 17 | B14: Sanjeev Singh | C14: OS | E14: ministerial | F14: ENPYWD | G14: 50200021570 | H14: CC(R) DDJ | I14: Supriyo Banerjee | J14: 28783 | K14: 50709
A15: 18 | B15: Bikash Bondhu Soren | C15: OS | E15: ministerial | F15: MRIWUB | G15: 50205555632 | H15: HQ | I15: P R BISWAS | J15: 30348 | K15: 52262
A16: 19 | B16: Ranjeet Kr. Mishra | C16: OS | E16: ministerial | F16: RIHFYQ | G16: 50205607474 | H16: CC(R) NORTH | I16: Supriyo Banerjee | J16: 31405 | K16: 53327
A17: 21 | B17: KALIPROSAD MONDAL | C17: OS | E17: ministerial | F17: REBOOD | G17: 50205420301 | H17: HQ | I17: Sanjay Biswas | J17: 27628 | K17: 49552
A18: 22 | B18: SUBRATA DEY | C18: CHOS | E18: ministerial | F18: HHQBLP | G18: 50209843309 | H18: CC(R) DDJ | I18: Sanjay Biswas | J18: 27822 | K18: 49765
A19: 23 | B19: SUBHABRTA CHATTERJEE | C19: GEN Asst | E19: ministerial | F19: UBDMQB | G19: 50202563235 | H19: CC(R) DDJ | I19: Sanjay Biswas | J19: 28574 | K19: 50495
A20: 24 | B20: MANOJ SARKAR | C20: JR.CLERK(CG-II) | E20: ministerial | F20: FGZQTW | G20: 50200116397 | H20: CC(R) DDJ | I20: Sanjay Biswas | J20: 30416 | K20: 52351
A21: 25 | B21: SUJIT KR. ROY | C21: JR.CLERK | E21: ministerial | F21: XPPLIZ | G21: 39213AB1553 | H21: CC(R) DDJ | I21: Sanjay Biswas | J21: 30512 | K21: 52443
A22: 26 | B22: HARADHAN HALDER | C22: OS | E22: ministerial | F22: KSDLWI | G22: 50200101382 | H22: NKG | I22: Supriyo Banerjee | J22: 29670 | K22: 51591 | U22: https://drive.google.com/file/d/189mnwNamW9c-9_prx1M-ecGW01XwBeUy/view?usp=sharing | V22: https://drive.google.com/file/d/1TLGKIJ5sMYm_zLuj3QcrgwTE4ao6ir73/view?usp=sharing | W22: =LEN(G22) -> 11
A23: 27 | B23: AMIT MONDAL | C23: OS | E23: ministerial | F23: NEWITY | G23: 50205602531 | H23: CC(R) NORTH | I23: Supriyo Banerjee | J23: 30202 | K23: 52139 | U23: https://drive.google.com/file/d/1uIjtGdX7yyuLoC_Do7bCtSdww4JJOhv3/view?usp=sharing | V23: https://drive.google.com/file/d/1uIjtGdX7yyuLoC_Do7bCtSdww4JJOhv3/view?usp=sharing | W23: =LEN(G23) -> 11
A24: 28 | B24: DIPAK KUMAR YADAV | C24: JR.CLERK | E24: ministerial | F24: LHCXBO | G24: 27329803617 | H24: HQ | I24: P R BISWAS | J24: 32147 | K24: 54088 | L24: CC(R) DDJ | M24: A C JHA | P24: 44255 | Q24: 45064 | R24: 45111 | S24: https://drive.google.com/file/d/13DkqNPZRsKTqRV8M8OSQL2fSe-mEiz8D/view?usp=sharing | W24: =LEN(G24) -> 11
A25: 29 | B25: Tanmay Ray | C25: JR.CLERK | E25: ministerial | F25: YWREPW | H25: CC(R) NH | I25: P R BISWAS | J25: 30910 | K25: 52840
A26: 30 | B26: KHUSBOO KUMARI | C26: PS-II | E26: ministerial | F26: ZHHSBJ | H26: HQ | I26: P R BISWAS | J26: 35402 | K26: 57345
A27: 31 | B27: TUSAR KANTI SEN | C27: OS | E27: ministerial | F27: LUKDZH | G27: 50205522602 | H27: HQ | J27: 29502 | K27: 51440 | L27: CC(R) NORTH | M27: AMITAV TARAFDER | Q27: 45204 | R27: 45412 | T27: https://drive.google.com/file/d/18QoimK3uGxizKvTqNa6FuN91M6g2riju/view?usp=sharing | Y27: DE CAT AND POSTING AAS OS UNDER ELECTRIC OP | AC27: =INT((TODAY()-J27)/365) -> 45
A28: 32 | B28: SUBODH KUMAR | C28: JR.CLERK | E28: ministerial | F28: GTYYBB | G28: 50205618411 | H28: CC(R) DDJ | J28: 31100 | K28: 53021 | L28: CC(R) NORTH | M28: SANKAR PRASAD BAISYA | Q28: 45531 | R28: 45506 | S28: https://drive.google.com/file/d/1uiDgiPnnV2CD0K2KJLEgSpzCVMzRit64/view?usp=sharing | AC28: =INT((TODAY()-J28)/365) -> 41
A29: 33 | B29: PINTU KUMAR | C29: JR CLERK | E29: ministerial | F29: YXCBSB | G29: 3329805405 | H29: CC(R) DDJ
A30: 34 | B30: JAGAN ORAON | C30: OS | E30: ministerial | F30: RCLQZH | G30: 50205421007 | H30: CC(R) NORTH | I30: M | J30: 24563 | K30: 46477 | L30: 9002071850 | N30: CC(R) NORTH | O30: SWADESH MUKHOPADHYAY | P30: 24563 | S30: 45212 | T30: 45169 | W30: https://drive.google.com/file/d/1oJHTjUyf5lmgHx0aMwBNOuFowi9USpTo/view?usp=sharing | X30: https://drive.google.com/file/d/1oJHTjUyf5lmgHx0aMwBNOuFowi9USpTo/view?usp=sharing | Y30: =LEN(G30) -> 11 | AE30: =INT((TODAY()-P30)/365) -> 59
A31: 35 | B31: Soumyadip Das | C31: JR.CLERK | E31: ministerial | F31: XCIXWO | G31: 50205677877 | H31: HQ | I31: P R BISWAS | J31: 34360 | K31: 56280 | L31: 8981931327 | N31: CC(R) NORTH | O31: GOUTAM SARKAR | R31: 45122 | S31: 46020 | T31: 45948 | U31: https://drive.google.com/file/d/1FAufzopYR7ipqeHFc68lbT7IfC9fMmGZ/view?usp=sharing | Y31: =LEN(G31) -> 11 | AA31: =INT((TODAY()-J31)/365) -> 32
A32: 36 | B32: DIPANKAR DAS | C32: JR.CLERK | E32: ministerial | F32: BRDPFJ | G32: 50714403357 | H32: CCC(R) NH | I32: 8101384513 | J32: 29042 | K32: 50982 | L32: A T KHAN | O32: 45286 | P32: 45653 | Q32: 45605 | R32: https://drive.google.com/file/d/12vrB4vnCgMLWRwnacxz2IDBuFRiIPuRz/view?usp=sharing
A33: 37 | B33: Suraj Kumar | C33: Jr CLERK | E33: ministerial | F33: CSNGWG | G33: 6329807603 | H33: CC(R) NORTH | I33: 8292112323 | J33: 36196 | K33: 58134
A34: 38 | B34: PRADIP SEAL | C34: OS | E34: ministerial | F34: EJIQEO | G34: 50209776254 | H34: CC(R) NORTH | I34: 9002071699 | J34: 27081 | K34: 49003 | L34: TAPAS KR DE | O34: 45457 | P34: 45499 | Q34: 45186 | S34: https://drive.google.com/file/d/1zM2nGZrOiKh1e5iWQJkUzLpzWGlr2Jdj/view?usp=sharing | T34: https://drive.google.com/file/d/1OxTfZ64hosh-QYOX0bjOdPE5aYNPQp5C/view?usp=sharing | V34: =LEN(G34) -> 11 | X34: =INT((TODAY()-J34)/365) -> 52
A35: 39 | B35: MEGHDOOT GAIN | C35: OS | E35: ministerial | F35: BUNIYQ | G35: 50205616300 | H35: CC(R) DDJ | I35: 9836211132 | J35: 28202 | K35: 50130 | L35: MAHADEO MANJHI | O35: 45373 | P35: 45552 | Q35: 45468 | T35: https://drive.google.com/file/d/1aTPBwiivXaR86CkHa8qhVy9PBxU23yrV/view?usp=sharing | V35: =LEN(TEXT(G35,0)) -> 11 | W35: =INT((TODAY()-J35)/365) -> 49 | AB35: =INT((TODAY()-J35)/365) -> 49
A36: 40 | B36: BIKASH BISWAS | C36: OS | E36: ministerial | F36: TPABXW | G36: 50208CB0231 | H36: SC | I36: 7029311688 | J36: 29263 | K36: 51195 | L36: CC(R) SOUTH | M36: KALYAN DAS | P36: 45440 | Q36: 45305 | R36: 45284 | S36: https://drive.google.com/file/d/1mwlnOGLuEKqg3FdV2VQQvW2SXz-l9a6o/view?usp=sharing | T36: https://drive.google.com/file/d/13V85-Tcf9LLFqy7UwiKFYDx18jUUGxO3/view?usp=sharing | U36: https://drive.google.com/file/d/15JUpKNHs372m3KQo_b2QJ3_NbCTRNiDx/view?usp=sharing | W36: =LEN(G36) -> 11 | X36: UNDER PME FROM 04.05.2020 | Y36: =INT((TODAY()-J36)/365) -> 46
A37: 41 | B37: GOURANGA ROY | C37: OS | E37: ministerial | F37: LTRTZT | G37: 50220061755 | H37: CC(R) NH | J37: 28065 | K37: 49979 | M37: B M KALUNDIA | O37: 45233 | P37: 45527 | Q37: 45537 | U37: https://drive.google.com/file/d/1JAHckmUlTgZaiPI3L4MqYQu_0bmRk8YK/view?usp=sharing | V37: =LEN(G37) -> 11 | X37: =INT((TODAY()-J37)/365) -> 49
A38: 42 | B38: Bikram Sarkar | C38: Jr CLERK | E38: ministerial | F38: TBACXC | G38: 30229802872 | H38: HQ | I38: 9062360446 | J38: 34377 | K38: =EOMONTH(J38,(12*60)) -> 56308

Sheet Casualty
A1: BASE | B1: Category | C1: MOR | D1: Leave | E1: Sick | F1: Absent | G1: PME | H1: TRG | I1: MISC | J1: De-cat | K1: OTH/DIV | L1: Susp | M1: OTHERS | N1: CASUALTY | O1: AVAILABILTY | P1: Booking | Q1: SPARE /OS | R1: W/DUTY | S1: REST | T1: CNL | U1: LR | V1: DATE | W1: 44976
A2: SOUTH | B2: M/Man | C2: 150 | D2: 3 | E2: 2 | F2: 3 | H2: 9 | I2: 3 | N2: =SUM(D2:M2) -> 20 | O2: =C2-N2 -> 130 | P2: 129 | Q2: 0 | R2: 0 | S2: 0 | T2: 0 | U2: 1 | V2: =SUM(P2:U2) -> 130 | W2: =IF(O2=V2,"match","not match") -> match
A3: SOUTH | B3: LPS | C3: 31 | D3: 1 | E3: 1 | I3: 3 | N3: =SUM(D3:M3) -> 5 | O3: =C3-N3 -> 26 | P3: 18 | Q3: 0 | R3: 0 | S3: 6 | T3: 0 | U3: 2 | V3: =SUM(P3:U3) -> 26 | W3: =IF(O3=V3,"match","not match") -> match
N4: =SUM(D4:M4) -> 0 | O4: =C4-N4 -> 0 | R4: 0 | V4: =SUM(P4:U4) -> 0 | W4: =IF(O4=V4,"match","not match") -> match
A5: BT | B5: LPS | C5: 21 | D5: 2 | N5: =SUM(D5:M5) -> 2 | O5: 14 | P5: 14 | Q5: 0 | R5: 0 | S5: 0 | T5: 0 | U5: 0 | V5: =SUM(P5:U5) -> 14 | W5: =IF(O5=V5,"match","not match") -> match
A6: BT | B6: M/MAN | C6: 55 | D6: 3 | H6: 1 | J6: 1 | N6: =SUM(D6:M6) -> 5 | O6: =C6-N6 -> 50 | P6: 48 | Q6: 1 | R6: 1 | S6: 0 | U6: 0 | V6: =SUM(P6:U6) -> 50 | W6: =IF(O6=V6,"match","not match") -> match
O7: =C7-N7 -> 0 | V7: =SUM(P7:U7) -> 0 | W7: =IF(O7=V7,"match","not match") -> match
A8: DDJ | B8: ALP | C8: 106 | D8: 2 | E8: 2 | H8: 3 | I8: 3 | K8: 5 | N8: =SUM(D8:M8) -> 15 | O8: =C8-N8 -> 91 | P8: 37 | Q8: 24 | S8: 13 | T8: 4 | U8: 13 | V8: =SUM(P8:U8) -> 91 | W8: =IF(O8=V8,"match","not match") -> match
A9: DDJ | B9: LPG | C9: 91 | D9: 7 | E9: 0 | F9: 2 | H9: 8 | K9: 5 | N9: =SUM(D9:M9) -> 22 | O9: =C9-N9 -> 69 | P9: 31 | Q9: 3 | S9: 12 | T9: 2 | U9: 21 | V9: =SUM(P9:U9) -> 69 | W9: =IF(O9=V9,"match","not match") -> match
A10: DDJ | B10: LPS | C10: 6 | D10: 1 | E10: 0 | F10: 0 | H10: 0 | K10: 0 | N10: =SUM(D10:M10) -> 1 | O10: =C10-N10 -> 5 | P10: 5 | Q10: 0 | S10: 0 | T10: 0 | U10: 0 | V10: =SUM(P10:U10) -> 5 | W10: =IF(O10=V10,"match","not match") -> match
O11: =C11-N11 -> 0 | V11: =SUM(P11:U11) -> 0 | W11: =IF(O11=V11,"match","not match") -> match
A12: NH | B12: ALP | C12: 60 | D12: 4 | H12: 3 | I12: 2 | N12: =SUM(D12:M12) -> 9 | O12: =C12-N12 -> 51 | P12: 27 | Q12: 11 | R12: 1 | S12: 11 | U12: 1 | V12: =SUM(P12:U12) -> 51 | W12: =IF(O12=V12,"match","not match") -> match
A13: NH | B13: LPG | C13: 53 | D13: 3 | H13: 14 | K13: 1 | N13: =SUM(D13:M13) -> 18 | O13: =C13-N13 -> 35 | P13: 17 | Q13: 7 | S13: 6 | T13: 0 | U13: 5 | V13: =SUM(P13:U13) -> 35 | W13: =IF(O13=V13,"match","not match") -> match
A14: NH | B14: LPS | C14: 40 | D14: 2 | G14: 1 | L14: 1 | N14: =SUM(D14:M14) -> 4 | O14: =C14-N14 -> 36 | P14: 30 | Q14: 0 | S14: 6 | U14: 0 | V14: =SUM(P14:U14) -> 36 | W14: =IF(O14=V14,"match","not match") -> match
A15: NH | B15: M/MAN | C15: 96 | D15: 5 | E15: 2 | F15: 1 | G15: 1 | H15: 3 | N15: =SUM(D15:M15) -> 12 | O15: =C15-N15 -> 84 | P15: 83 | Q15: 0 | R15: 0 | S15: 0 | T15: 0 | U15: 1 | V15: =SUM(P15:U15) -> 84 | W15: =IF(O15=V15,"match","not match") -> match
O16: =C16-N16 -> 0 | V16: =SUM(P16:U16) -> 0 | W16: =IF(O16=V16,"match","not match") -> match
A17: NORTH | B17: LPM | C17: 30 | D17: 2 | E17: 1 | G17: 1 | N17: =SUM(D17:M17) -> 4 | O17: =C17-N17 -> 26 | P17: 24 | Q17: 1 | S17: 1 | V17: =SUM(P17:U17) -> 26 | W17: =IF(O17=V17,"match","not match") -> match
A18: NORTH | B18: M/Man | C18: 163 | D18: 7 | E18: 1 | F18: 1 | G18: 10 | I18: 7 | J18: 1 | N18: =SUM(D18:M18) -> 27 | O18: =C18-N18 -> 136 | P18: 135 | Q18: 0 | R18: 0 | S18: 0 | T18: 0 | U18: 1 | V18: =SUM(P18:U18) -> 136 | W18: =IF(O18=V18,"match","not match") -> match
A19: NORTH | B19: LPP/Loco+LPG | C19: 42 | D19: 5 | E19: 1 | H19: 8 | I19: 1 | N19: =SUM(D19:M19) -> 15 | O19: =C19-N19 -> 27 | P19: 25 | Q19: 0 | R19: 0 | S19: 2 | T19: 0 | U19: 0 | V19: =SUM(P19:U19) -> 27 | W19: =IF(O19=V19,"match","not match") -> match
A20: NORTH | B20: ALP | C20: 128 | D20: 9 | G20: 9 | I20: 7 | J20: 1 | N20: =SUM(D20:M20) -> 26 | O20: =C20-N20 -> 102 | P20: 59 | Q20: 7 | S20: 7 | U20: 29 | V20: =SUM(P20:U20) -> 102 | W20: =IF(O20=V20,"match","not match") -> match
A21: NORTH | B21: LPS | C21: 76 | D21: 4 | F21: 1 | H21: 2 | J21: 2 | L21: 1 | N21: =SUM(D21:M21) -> 10 | O21: =C21-N21 -> 66 | P21: 52 | Q21: 1 | S21: 9 | U21: 4 | V21: =SUM(P21:U21) -> 66 | W21: =IF(O21=V21,"match","not match") -> match
W22: =IF(O22=V22,"match","not match") -> match
A23: KOAA | B23: LPM | C23: 19 | D23: 2 | E23: 1 | F23: 0 | G23: 0 | H23: 2 | N23: =SUM(D23:M23) -> 5 | O23: =C23-N23 -> 14 | P23: 11 | Q23: 1 | R23: 0 | S23: 2 | T23: 0 | U23: 0 | V23: =SUM(P23:U23) -> 14 | W23: =IF(O23=V23,"match","not match") -> match
A24: KOAA | B24: LPS | C24: 27 | D24: 2 | E24: 0 | F24: 1 | I24: 1 | N24: =SUM(D24:M24) -> 4 | O24: =C24-N24 -> 23 | P24: 20 | Q24: 0 | R24: 0 | S24: 3 | V24: =SUM(P24:U24) -> 23 | W24: =IF(O24=V24,"match","not match") -> match
A25: KOAA | B25: ALP | C25: 45 | D25: 8 | E25: 1 | G25: 1 | H25: 2 | N25: =SUM(D25:M25) -> 12 | O25: =C25-N25 -> 33 | P25: 20 | Q25: 1 | S25: 3 | U25: 9 | V25: =SUM(P25:U25) -> 33 | W25: =IF(O25=V25,"match","not match") -> match
A26: MJT | B26: ALP | C26: 8 | H26: 1 | N26: =SUM(D26:M26) -> 1 | O26: =C26-N26 -> 7 | P26: 4 | Q26: 2 | R26: 0 | S26: 1 | T26: 0 | U26: 0 | V26: =SUM(P26:U26) -> 7 | W26: =IF(O26=V26,"match","not match") -> match
A27: MJT | B27: LPG | C27: 7 | D27: 0 | E27: 0 | H27: 2 | I27: 1 | K27: 2 | N27: =SUM(D27:M27) -> 5 | O27: =C27-N27 -> 2 | P27: 2 | Q27: 0 | S27: 0 | U27: 0 | V27: =SUM(P27:U27) -> 2 | W27: =IF(O27=V27,"match","not match") -> match
C28: =SUM(C2:C27) -> 1254 | D28: =SUM(D2:D27) -> 72 | E28: =SUM(E2:E27) -> 12 | F28: =SUM(F2:F27) -> 9 | G28: =SUM(G2:G27) -> 23 | H28: =SUM(H2:H27) -> 58 | I28: =SUM(I2:I27) -> 28 | J28: =SUM(J2:J27) -> 5 | ... U28: =SUM(U2:U27) -> 87 | V28: =SUM(P28:U28) -> 1027 | W28: =IF(O28=V28,"match","not match") -> match
L31: CASUALTY | N31: =(N28/C28)*100 -> 17.703349

Sheet Trip Shed
A1: SL.No. | B1: Name | C1: T/No. | D1: Designation | E1: SHED | F1: PF. No. | G1: HRMS ID | H1: Date of Birth | I1: Date of Retirement | J1: Date of Apptt | K1: REMARKS
A2: 63 | B2: RAVI RANJAN KUMAR | D2: SSE | E2: Sr.DEE/OP/Office | F2: 3329803891 | G2: GSSCKH | H2: 34121 | I2: 56035 | J2: 44123
A3: 2 | B3: Sitaram Yadav | C3: -- | D3: SSE | E3: CP | F3: 50205423340 | G3: JTCCPJ | H3: 28281 | I3: 50221 | J3: 37669
A4: 3 | B4: Satish Chand Gupta | C4: -- | D4: SSE | E4: CP | F4: 50205511100 | G4: CHWYWN | H4: 26738 | I4: 48669 | J4: 38600
A5: 4 | B5: Gautam Das | C5: -- | D5: SSE | E5: CP | F5: 50205563689 | G5: JFTHZN | H5: 28858 | I5: 50801 | J5: 39483
A6: 5 | B6: Apurba Kumar Ghosh | C6: -- | D6: SSE | E6: CP | F6: 50205352381 | G6: RQZTMJ | H6: 25170 | I6: 47087 | J6: 33078
A7: 6 | B7: Shyam Sundar Nandi | C7: -- | D7: SSE | E7: CP | F7: 50200616655 | G7: AXBOBN | H7: 28132 | I7: 50071 | J7: 39160
A8: 7 | B8: SAKINDER SINGH | C8: 2530 | D8: Sr. Tech/Elect | E8: CP | F8: 50205328408 | G8: QHSKSO | H8: 24387 | I8: 46326 | J8: 31786
A9: 8 | B9: RAHUL KUMAR SRIVASTAVA | C9: 3910 | D9: Tech-I /Elect | E9: CP | F9: 50205559431 | G9: CKWUQG | H9: 32980 | I9: 54908 | J9: 40149
A10: 9 | B10: MRINAL KANTI PAL | C10: 3893 | D10: Tech-I /Elect | E10: CP | F10: 50205584292 | G10: GEGLHS | H10: 25890 | I10: 47817 | J10: 41222
A11: 10 | B11: CHANDRA SEKHAR | C11: 3586 | D11: Tech-I /Elect | E11: CP | F11: 50205561006 | G11: EJYDMY | H11: 28469 | I11: 50405 | J11: 40323
A12: 11 | B12: MD JAMIL | C12: 3399 | D12: Sr.Tech /Mech | E12: CP | F12: 50205406973 | G12: SRFKIJ | H12: 26434 | I12: 48365 | J12: 35487
A13: 12 | B13: E A SANJAR | C13: 3447 | D13: Tech -I/Mech | E13: CP | F13: 50205518180 | G13: ZURZXE | H13: 26159 | I13: 48091 | J13: 38734
A14: 13 | B14: KUNDA TARAKESWAR | C14: 3652 | D14: Tech -I/Mech | E14: CP | F14: 50205375459 | G14: GSRWHM | H14: 24535 | I14: 46477 | J14: 33766
A15: 15 | B15: AVIJIT PATRA | C15: 3235 | D15: Sr.Tech/Pneu | E15: CP | F15: 50205383912 | G15: KSRFXO | H15: 25567 | I15: 47483 | J15: 34285
A16: 16 | B16: P.Chakraborty | C16: 3410 | D16: Sr.Tech/Pneu | E16: CP | F16: 50205410782 | G16: CWBZIH | H16: 27422 | I16: 49340 | J16: 32462
A17: 17 | B17: HIRAMONY PANDEY | C17: 4126 | D17: Tech –I/Elect. | E17: CP | F17: 50205574523 | G17: FQSFFQ | H17: 29689 | I17: 51621 | J17: 41031
A18: 18 | B18: U.S.Chowdhury | C18: 4125 | D18: Tech –I/Elect. | E18: CP | F18: 50205574511 | G18: ROJTJU | H18: 32557 | I18: 54482 | J18: 41031
A19: 19 | B19: SUJIT SAHA | C19: 4167 | D19: Tech –I/Elect. | E19: CP | F19: 27309527990 | G19: BROHCM | H19: 28127 | I19: 50071 | J19: 39385
A20: 20 | B20: SUDHIR KUMAR ROY | D20: JEE | E20: CP | F20: 3329803907 | G20: PAWLUE
A21: 21 | B21: SANTANU MAHANTA | D21: Tech –II/Mech | E21: CP | F21: 50205383912 | G21: HHSXJD
A22: 22 | B22: PRAFULL KUMAR | D22: JEE | E22: CP | F22: 515229800367 | G22: PTTXAF
A23: 23 | B23: MUKESH KUMAR | D23: Tech –II/Mech | E23: CP | F23: 503P1100807 | G23: FUGSHK
A24: 24 | B24: K Prabhakar Rao | C24: RRB | D24: Helper | E24: CP | G24: NXMXAM | H24: 31117 | I24: 53052
A25: 25 | B25: Rahul Ranjan | C25: RRB | D25: Tech-III /Elect | E25: CP | F25: 3329805349 | G25: POHWXG
A26: 26 | B26: Sunil Kumar | C26: RRB | D26: Tech-III /Elect | E26: CP | F26: 3329805567 | G26: DOJMKE
A27: 27 | B27: Subrata Mit | C27: RRB | D27: Tech-III /Elect | E27: CP | F27: 3329805345 | G27: PXACGM
A28: 28 | B28: Aswini Kr Gupta | C28: RRB | D28: Tech-III /Elect | E28: CP | F28: 3329805352 | G28: LENCGN
A29: 29 | B29: Ajoy Kumbhakar | D29: Asst. Loco Helper/E | E29: CP
A30: 30 | B30: Nikalesh Kumar | D30: Asst. Loco Helper/M | E30: CP
A31: 31 | B31: Abhishek Ray | D31: Asst. Loco Helper/Pneu. | E31: CP
A32: 32 | B32: JITENDRA KUMAR | C32: -- | D32: SSE | E32: NKG | F32: 50205516328 | G32: BAZWAG | H32: 29586 | I32: 51501 | J32: 38268
A33: 34 | B33: KUMARESH ROY | C33: -- | D33: SSE | E33: NKG | F33: 50207020324 | G33: AHGMYI | H33: 28732 | I33: 50648 | J33: 39176
A34: 35 | B34: SNEHANSU SEKHAR KARMAKAR | C34: -- | D34: SSE | E34: NKG | F34: 50200094614 | G34: DEDDJA | H34: 29069 | I34: 51013 | J34: 39773
A35: 36 | B35: PRATAP NANDI | C35: -- | D35: SSE | E35: NKG | F35: 50200063216 | G35: RZHDWG | H35: 27395 | I35: 49309 | J35: 39140
A36: 37 | B36: Ayan Goswami | C36: 3812 | D36: SSE | E36: NKG | F36: 50205530040 | G36: IUACUD | H36: 29190 | I36: 51104 | J36: 39446
A37: 38 | B37: Palash Mandi | C37: 3873 | D37: SSE | E37: NKG | F37: 50205574547 | G37: JNNCOU | H37: 31721 | I37: 53661 | J37: 41214
A38: 66 | B38: SANJEEV KUMAR | C38: RRB | D38: JE/Elect. | E38: NKG | F38: 9429801805 | G38: ZLHACP
A39: 53 | B39: Birbhadra Jena | C39: 3732 | D39: JE/Elect. | E39: NKG | F39: 50205559273 | G39: QYMRLC | H39: 30784 | I39: 52717 | J39: 40310
A40: 43 | B40: DINESH LAKRA | C40: 3924 | D40: JE/Elect. | E40: NKG | F40: 50205583834 | G40: HQXZBA | H40: 30869 | I40: 52809 | J40: 41214
A41: 50 | B41: THAKUR PRASAD | C41: 3824 | D41: JE/Elect. | E41: NKG | F41: 50205397900 | G41: ELQXPJ | H41: 25574 | I41: 47514 | J41: 35803
A42: 39 | B42: SUVASH SAHA | C42: 2773 | D42: Sr.Tech/Weld | E42: NKG | F42: 50205340081 | G42: BROHCM | H42: 24108 | I42: 46022 | J42: 32353
A43: 40 | B43: Tapan Paul | C43: 3872 | D43: Sr.Tech /Elect | E43: NKG | F43: 50204769417 | G43: FWYOLR | H43: 28160 | I43: 50099 | J43: 38947
A44: 41 | B44: SANCHITA MONDAL | C44: 4106 | D44: Sr.Tech /Elect | E44: NKG | F44: 50209840357 | G44: USIYCO | H44: 28461 | I44: 50405 | J44: 37952
A45: 42 | B45: Sanjoy Ram | C45: 3846 | D45: Sr.Tech/Mech | E45: NKG | F45: 50205564591 | G45: ZEAXRU | H45: 29844 | I45: 51774 | J45: 40301
A46: 45 | B46: NAVNEET KUMAR | C46: 4104 | D46: Tech -I/Mech | E46: NKG | F46: 50205584851 | G46: SSWXQY | H46: 28915 | I46: 50829 | J46: 41256
A47: 46 | B47: SUKHENDU GANGULY | C47: 3429 | D47: Tech -I/Mech | E47: NKG | F47: 50205505811 | G47: KPBNPB | H47: 28482 | I47: 50405 | J47: 38385
A48: 47 | B48: SANTOSH KUMAR | C48: 3896 | D48: Tech -I/Mech | E48: NKG | F48: 50205583822 | G48: OXHKLH | H48: 31504 | I48: 53447 | J48: 41214
A49: 48 | B49: SUVENDU CHATTERJEE | C49: 3307 | D49: Sr.Tech /Elect | E49: NKG | F49: 50205396335 | G49: TURFMQ | H49: 25538 | I49: 47452 | J49: 35670
A50: 49 | B50: SANJIB KUMAR HAZRA | C50: 3693 | D50: Sr.Tech /Elect | E50: NKG | F50: 50205513212 | G50: ACXHSS | H50: 29627 | I50: 51560 | J50: 39239
... A61: 62 | B61: GOUTAMI DUTTA | C61: 4111 | D61: Tech-II /Elect | E61: NKG | F61: 50205602040 | G61: XGBQFB | H61: 25475 | I61: 47391 | J61: 41547
A62: 64 | B62: ASHIM SHIRALY | D62: Tech-III /Elect | E62: NKG | F62: 50205628337 | G62: BNQOIH | H62: 32068 | I62: 53996 | T62: https://drive.google.com/file/d/1MLACdHz06sAyU0eiAWsUjvwoc0EzV7fZ/view?usp=sharing | X62: =LEN(F62) -> 11 | Y62: =INT((TODAY()-O62)/365) -> 126
A63: 65 | B63: UJJWAL BISWAS | D63: Tech-III /Elect | E63: NKG | F63: 50205628430 | G63: OGGCNN | H63: 32511 | I63: 54454
A64: 66 | B64: Nabin Mandi | C64: RRB | D64: Asst. Loco Helper | E64: NKG | G64: ZPXWWY | H64: 31455 | I64: 53386
A65: 67 | B65: Saroj Kumar | C65: 4781 | D65: Asst. Loco Helper | E65: NKG | G65: KKSHHH
A66: 68 | B66: SUBRATA PAUL | C66: Helper-II | D66: Asst. Loco Helper | E66: NKG | G66: SWCMTO | H66: 32731 | I66: 54666
A67: 69 | B67: Dipannita Chakraborty | C67: 4731 | D67: Tech-II /Elect | E67: NKG | F67: 50205678092 | G67: UMEUMI | H67: 34759 | I67: 56673
A68: 70 | B68: Bhim Shaw | D68: Tech-III /Mech | E68: NKG | F68: 50205628465 | G68: RXRIYO | H68: 32633 | I68: 54574
A69: 71 | B69: Krishna Sardar | C69: RRB | D69: Tech-III /Elect | E69: NKG | F69: 3329805354 | G69: TTACLA
A70: 72 | B70: Mukesh Kr Meena | C70: RRB | D70: Tech-III /Elect | E70: NKG | F70: 3329805347 | G70: LZUFLU
A71: 73 | B71: Dilip Biswas | C71: 4782 | D71: Sr.Tech /Elect | E71: NKG | F71: 50204770176 | G71: GQDRWZ | H71: 26526 | I71: 48457 | J71: 25.07.24
A72: 74 | B72: Pronoy Sarkar | C72: 4783 | D72: Tech-II /Elect | E72: NKG | F72: 50205679096 | G72: DEGLII | J72: 25.07.24
A73: 75 | B73: KOUSHIK HALDER | D73: Tech-II /Elect | E73: NKG | F73: 3429802778 | G73: UFXEHY | J73: 05.11.24(D.O.R) | R73: https://drive.google.com/file/d/1tOcBNdE3DrnukesMHVIEm66hheu_rzqw/view?usp=drive_link
